id,name,source_level,platform_type,url,status,http_status,final_url,issue_type,severity,issue_summary
49,中国海南政府采购网,地方省市,政府采购,http://www.ccgp-hainan.gov.cn,heuristic_only,200,https://ccgp-hainan.gov.cn/,cross_host_redirect,medium,跳转到不同主机: ccgp-hainan.gov.cn
58,福建省政府采购网,地方省市,政府采购,http://www.ccgp-fujian.gov.cn,heuristic_only,200,https://zfcg.czt.fujian.gov.cn/,cross_host_redirect,medium,跳转到不同主机: zfcg.czt.fujian.gov.cn
258,E共享电子招投标交易平台,第三方综合,聚合平台,http://ebid-fjjt.okap.com,heuristic_only,200,https://ebid.okap.com/,cross_host_redirect,medium,跳转到不同主机: ebid.okap.com
303,中国航发电子招投标平台,行业垂直,企业招投标平台,http://ebid.aecc-mall.com,heuristic_only,200,https://ebidding.aecc-mall.com/,cross_host_redirect,medium,跳转到不同主机: ebidding.aecc-mall.com
3,中国政府采购网,国家级,官方核心,https://www.ccgp.gov.cn,heuristic_only,200,https://www.ccgp.gov.cn,auth_gate,medium,命中关键词: 招标、采购、招投标、政府采购；页面存在登录或身份认证特征
4,中央政府采购网,国家级,官方核心,https://www.zycg.gov.cn,heuristic_only,200,https://www.zycg.gov.cn,auth_gate,medium,命中关键词: 采购、政府采购；页面存在登录或身份认证特征
6,军队采购网,国家级,官方核心,https://www.plap.mil.cn/,heuristic_only,200,https://www.plap.mil.cn/,auth_gate,medium,命中关键词: 招标、采购、政府采购；页面存在登录或身份认证特征
7,上海市公共资源交易中心,地方省市,公共资源交易,https://www.shggzy.com,heuristic_only,200,https://www.shggzy.com,auth_gate,medium,命中关键词: 采购、公共资源、交易中心、政府采购；页面存在登录或身份认证特征
8,上海市政府采购网,地方省市,政府采购,http://www.zfcg.sh.gov.cn,heuristic_only,200,http://www.zfcg.sh.gov.cn,auth_gate,medium,命中关键词: 采购、政府采购；页面存在登录或身份认证特征
10,云南省政府采购网,地方省市,政府采购,http://www.ccgp-yunnan.gov.cn,heuristic_only,200,http://www.ccgp-yunnan.gov.cn,auth_gate,medium,命中关键词: 招标、采购、电子交易平台、政府采购；页面存在登录或身份认证特征
11,兵团公共资源交易平台,地方省市,公共资源交易,https://ggzy.xjbt.gov.cn,heuristic_only,200,https://ggzy.xjbt.gov.cn,auth_gate,medium,命中关键词: 招标、采购、公共资源、交易中心、招投标、政府采购；页面存在登录或身份认证特征
12,兵团政府采购网,地方省市,政府采购,http://ccgp-bingtuan.gov.cn,heuristic_only,200,http://ccgp-bingtuan.gov.cn,auth_gate,medium,命中关键词: 采购、政府采购；页面存在登录或身份认证特征
16,北京市政府采购网,地方省市,政府采购,http://www.ccgp-beijing.gov.cn,heuristic_only,200,http://www.ccgp-beijing.gov.cn,auth_gate,medium,命中关键词: 招标、采购、电子交易平台、中标、政府采购；页面存在登录或身份认证特征
17,吉林省公共资源交易公共服务平台,地方省市,公共资源交易,http://www.jl.gov.cn,heuristic_only,200,http://www.jl.gov.cn,auth_gate,medium,命中关键词: 公共资源；页面存在登录或身份认证特征
18,吉林省政府采购网,地方省市,政府采购,http://www.ccgp-jilin.gov.cn,heuristic_only,200,http://www.ccgp-jilin.gov.cn,auth_gate,medium,命中关键词: 采购、政府采购；页面存在登录或身份认证特征
22,天津市政府采购网,地方省市,政府采购,http://www.ccgp-tianjin.gov.cn,heuristic_only,200,http://www.ccgp-tianjin.gov.cn,auth_gate,medium,命中关键词: 采购、政府采购；页面存在登录或身份认证特征
25,安徽省公共资源交易监管网,地方省市,公共资源交易,http://ggzy.ah.gov.cn,heuristic_only,200,https://ggzy.ah.gov.cn/,auth_gate,medium,命中关键词: 招标、采购、公共资源、中标、政府采购；页面存在登录或身份认证特征；发生 1 次跳转
26,安徽省政府采购网,地方省市,政府采购,http://www.ccgp-anhui.gov.cn,heuristic_only,200,https://www.ccgp-anhui.gov.cn/,auth_gate,medium,命中关键词: 采购、政府采购；页面存在登录或身份认证特征；发生 1 次跳转
27,山东省公共资源交易平台,地方省市,公共资源交易,https://ggzyjy.shandong.gov.cn,heuristic_only,200,https://ggzyjy.shandong.gov.cn,auth_gate,medium,命中关键词: 招标、采购、公共资源、交易中心、中标、政府采购；页面存在登录或身份认证特征
28,山东省政府采购网,地方省市,政府采购,http://www.ccgp-shandong.gov.cn,heuristic_only,200,http://www.ccgp-shandong.gov.cn,auth_gate,medium,命中关键词: 采购、政府采购；页面存在登录或身份认证特征
29,山西政府采购网,地方省市,政府采购,http://www.ccgp-shanxi.gov.cn,heuristic_only,200,http://www.ccgp-shanxi.gov.cn,auth_gate,medium,命中关键词: 采购、政府采购；页面存在登录或身份认证特征
30,山西省招标投标公共服务平台,地方省市,公共资源交易,http://www.sxbid.com.cn,heuristic_only,200,https://www.sxbid.com.cn/,auth_gate,medium,命中关键词: 招标、公共资源、电子交易平台、中标；页面存在登录或身份认证特征；发生 1 次跳转
34,深圳政府采购网,地方省市,政府采购,http://zfcg.sz.gov.cn,heuristic_only,200,http://zfcg.sz.gov.cn,auth_gate,medium,命中关键词: 采购、政府采购；页面存在登录或身份认证特征
36,广西政府采购网,地方省市,政府采购,http://www.ccgp-guangxi.gov.cn,heuristic_only,200,http://www.ccgp-guangxi.gov.cn,auth_gate,medium,命中关键词: 采购、政府采购；页面存在登录或身份认证特征
37,新疆公共资源交易网,地方省市,公共资源交易,https://ggzy.xinjiang.gov.cn,heuristic_only,200,https://ggzy.xinjiang.gov.cn,auth_gate,medium,命中关键词: 招标、采购、公共资源、中标、政府采购；页面存在登录或身份认证特征
38,新疆政府采购网,地方省市,政府采购,http://www.ccgp-xinjiang.gov.cn,heuristic_only,200,http://www.ccgp-xinjiang.gov.cn,auth_gate,medium,命中关键词: 采购、政府采购；页面存在登录或身份认证特征
39,江苏政府采购网,地方省市,政府采购,http://www.ccgp-jiangsu.gov.cn,heuristic_only,200,http://www.ccgp-jiangsu.gov.cn,auth_gate,medium,命中关键词: 采购、政府采购；页面存在登录或身份认证特征
43,中国河北政府采购网,地方省市,政府采购,https://www.ccgp-hebei.gov.cn/province,heuristic_only,200,http://www.ccgp-hebei.gov.cn/province/,auth_gate,medium,命中关键词: 招标、采购、中标、政府采购；页面存在登录或身份认证特征；发生 1 次跳转
44,河北省公共资源交易服务平台,地方省市,公共资源交易,http://szj.hebei.gov.cn/,heuristic_only,200,http://szj.hebei.gov.cn/,auth_gate,medium,命中关键词: 招标、公共资源；页面存在登录或身份认证特征
46,河南省政府采购网,地方省市,政府采购,http://www.ccgp-henan.gov.cn,heuristic_only,200,http://www.ccgp-henan.gov.cn,auth_gate,medium,命中关键词: 采购、政府采购；页面存在登录或身份认证特征
48,浙江政府采购网,地方省市,政府采购,http://www.ccgp-zhejiang.gov.cn,heuristic_only,200,http://www.ccgp-zhejiang.gov.cn,auth_gate,medium,命中关键词: 采购、政府采购；页面存在登录或身份认证特征
50,海南省公共资源交易服务平台,地方省市,公共资源交易,http://ggzy.hainan.gov.cn,heuristic_only,200,https://ggzy.hainan.gov.cn/,auth_gate,medium,命中关键词: 招标、采购、公共资源、招投标；页面存在登录或身份认证特征；发生 1 次跳转
53,中国湖南政府采购网,地方省市,政府采购,http://www.ccgp-hunan.gov.cn,heuristic_only,200,http://www.ccgp-hunan.gov.cn,auth_gate,medium,命中关键词: 招标、采购、中标、政府采购；页面存在登录或身份认证特征
60,西藏自治区政府采购网,地方省市,政府采购,http://www.ccgp-xizang.gov.cn,heuristic_only,200,http://www.ccgp-xizang.gov.cn,auth_gate,medium,命中关键词: 采购、中标、政府采购；页面存在登录或身份认证特征
61,贵州省公共资源交易公共服务平台,地方省市,公共资源交易,http://ggzy.guizhou.gov.cn,heuristic_only,200,https://ggzy.guizhou.gov.cn/,auth_gate,medium,命中关键词: 招标、采购、公共资源、交易中心、招投标、比选、招采；页面存在登录或身份认证特征；发生 1 次跳转
64,大连市政府采购网,地方省市,政府采购,http://www.ccgp-dalian.gov.cn,heuristic_only,200,http://www.ccgp-dalian.gov.cn,auth_gate,medium,命中关键词: 采购、政府采购；页面存在登录或身份认证特征
66,辽宁省公共资源交易网,地方省市,公共资源交易,https://ggzy.ln.gov.cn,heuristic_only,200,https://ggzy.ln.gov.cn,auth_gate,medium,命中关键词: 招标、采购、公共资源、交易中心、招投标、政府采购；页面存在登录或身份认证特征
68,重庆市政府采购网,地方省市,政府采购,https://www.ccgp-chongqing.gov.cn,heuristic_only,200,https://www.ccgp-chongqing.gov.cn,auth_gate,medium,命中关键词: 采购、政府采购；页面存在登录或身份认证特征
69,陕西政府采购网,地方省市,政府采购,http://www.ccgp-shaanxi.gov.cn,heuristic_only,200,http://www.ccgp-shaanxi.gov.cn,auth_gate,medium,命中关键词: 采购、政府采购；页面存在登录或身份认证特征
70,陕西省公共资源交易中心,地方省市,公共资源交易,http://www.sxggzyjy.cn,heuristic_only,200,https://www.sxggzyjy.cn/,auth_gate,medium,命中关键词: 招标、采购、公共资源、交易中心、电子交易平台、中标、竞价、政府采购；页面存在登录或身份认证特征；发生 1 次跳转
72,青海省政府采购网,地方省市,政府采购,http://www.ccgp-qinghai.gov.cn,heuristic_only,200,http://www.ccgp-qinghai.gov.cn,auth_gate,medium,命中关键词: 采购、政府采购；页面存在登录或身份认证特征
73,黑龙江省公共资源交易网,地方省市,公共资源交易,https://ggzyjyw.hlj.gov.cn,heuristic_only,200,https://ggzyjyw.hlj.gov.cn,auth_gate,medium,命中关键词: 招标、采购、公共资源、交易中心、招投标、中标、政府采购；页面存在登录或身份认证特征
75,上海阳光医药采购网,行业垂直,行业核心,https://www.smpaa.cn,heuristic_only,200,https://www.smpaa.cn,auth_gate,medium,命中关键词: 采购、招采；页面存在登录或身份认证特征
79,中国电力招标网,行业垂直,电力 / 能源,https://www.ebnew.com,heuristic_only,200,https://www.ebnew.com,auth_gate,medium,命中关键词: 招标、采购、招投标、政府采购、招采；页面存在登录或身份认证特征
85,南方电网供应链统一服务平台,行业垂直,行业核心,https://www.bidding.csg.cn,heuristic_only,200,https://www.bidding.csg.cn,auth_gate,medium,命中关键词: 招标、采购、竞价；页面存在登录或身份认证特征
89,千里马招标网,第三方综合,聚合平台,https://www.qianlima.com,heuristic_only,200,https://www.qianlima.com,auth_gate,medium,命中关键词: 招标、采购、交易中心、招投标、中标、政府采购；页面存在登录或身份认证特征
94,中共中央直属机关采购中心,国家级,政府采购,http://www.zzcg.gov.cn/,heuristic_only,200,https://www.zzcg.gov.cn/,auth_gate,medium,命中关键词: 招标、采购、中标、政府采购；页面存在登录或身份认证特征；发生 1 次跳转
96,中国人民银行集中采购中心,国家级,政府采购,https://jzcg.pbc.gov.cn/,heuristic_only,200,https://jzcg.pbc.gov.cn/,auth_gate,medium,命中关键词: 采购、政府采购；页面存在登录或身份认证特征
99,天津市政府采购中心,地方省市,政府采购,http://tjgpc.zwfwb.tj.gov.cn/,heuristic_only,200,http://tjgpc.zwfwb.tj.gov.cn/,auth_gate,medium,命中关键词: 招标、采购、政府采购；页面存在登录或身份认证特征
100,山西公共资源交易平台,地方省市,公共资源交易,https://prec.sxzwfw.gov.cn/,heuristic_only,200,https://prec.sxzwfw.gov.cn/,auth_gate,medium,命中关键词: 招标、采购、公共资源、招投标、中标、竞价、政府采购；页面存在登录或身份认证特征
101,辽宁公共资源交易服务平台,地方省市,公共资源交易,http://www.lnggzy.gov.cn/lnggzy/,heuristic_only,200,http://www.lnggzy.gov.cn/,auth_gate,medium,命中关键词: 公共资源；页面存在登录或身份认证特征；发生 1 次跳转
102,吉林公共资源交易服务平台,地方省市,公共资源交易,http://www.ggzyzx.jl.gov.cn/,heuristic_only,200,http://www.ggzyzx.jl.gov.cn/,auth_gate,medium,命中关键词: 招标、采购、公共资源、交易中心、中标、竞价、政府采购、招采；页面存在登录或身份认证特征
103,江苏公共资源交易服务平台,地方省市,公共资源交易,http://jsggzy.jszwfw.gov.cn/,heuristic_only,200,http://jsggzy.jszwfw.gov.cn/,auth_gate,medium,命中关键词: 招标、采购、公共资源、交易中心、政府采购；页面存在登录或身份认证特征
105,江西省公共资源交易服务平台,地方省市,公共资源交易,https://www.jxsggzy.cn/,heuristic_only,200,https://www.jxsggzy.cn/,auth_gate,medium,命中关键词: 招标、公共资源、交易中心；页面存在登录或身份认证特征
106,湖北公共资源交易中心,地方省市,公共资源交易,https://www.hbggzyfwpt.cn/,heuristic_only,200,https://www.hbggzyfwpt.cn/,auth_gate,medium,命中关键词: 招标、采购、公共资源、交易中心、政府采购；页面存在登录或身份认证特征
107,广东公共资源交易服务平台,地方省市,公共资源交易,https://ygp.gdzwfw.gov.cn/,heuristic_only,200,https://ygp.gdzwfw.gov.cn/,auth_gate,medium,命中关键词: 公共资源；页面存在登录或身份认证特征
109,四川公共资源交易服务平台,地方省市,公共资源交易,https://ggzyjy.sc.gov.cn/,heuristic_only,200,https://ggzyjy.sc.gov.cn/,auth_gate,medium,命中关键词: 招标、采购、公共资源、招投标、比选、政府采购；页面存在登录或身份认证特征
110,贵州政府采购网,地方省市,政府采购,http://www.ccgp-guizhou.gov.cn/,heuristic_only,200,http://www.ccgp-guizhou.gov.cn/,auth_gate,medium,命中关键词: 采购、政府采购；页面存在登录或身份认证特征
111,云南政府采购网,地方省市,政府采购,http://www.yngp.com/,heuristic_only,200,http://www.yngp.com/,auth_gate,medium,命中关键词: 招标、采购、电子交易平台、政府采购；页面存在登录或身份认证特征
113,西藏公共资源交易服务平台,地方省市,公共资源交易,https://ggzy.xizang.gov.cn/,heuristic_only,200,https://ggzy.xizang.gov.cn/,auth_gate,medium,命中关键词: 招标、采购、公共资源、电子交易平台、中标、政府采购；页面存在登录或身份认证特征
114,内蒙古公共资源交易网,地方省市,公共资源交易,https://ggzyjy.nmg.gov.cn/,heuristic_only,200,https://ggzyjy.nmg.gov.cn/,auth_gate,medium,命中关键词: 招标、公共资源、交易中心；页面存在登录或身份认证特征
116,宁夏公共资源交易网,地方省市,公共资源交易,https://ggzyjy.fzggw.nx.gov.cn/,heuristic_only,200,https://ggzyjy.fzggw.nx.gov.cn/,auth_gate,medium,命中关键词: 招标、采购、公共资源、中标、政府采购；页面存在登录或身份认证特征
117,军网自采平台,国家级,军采,https://zc.plap.mil.cn/,heuristic_only,200,https://zc.plap.mil.cn/,auth_gate,medium,命中关键词: 竞价；页面存在登录或身份认证特征
120,中国一汽电子招标采购电子交易平台,行业垂直,企业招投标平台,https://etp.faw.cn/,heuristic_only,200,https://etp.faw.cn/,auth_gate,medium,命中关键词: 招标、采购、电子交易平台；页面存在登录或身份认证特征
122,鞍钢集团电子招投标交易平台,行业垂直,企业招投标平台,http://bid.ansteel.cn,heuristic_only,200,https://bid.ansteel.cn/,auth_gate,medium,命中关键词: 招标、采购、招投标、中标、竞价、招采；页面存在登录或身份认证特征；发生 1 次跳转
125,招商局集团电子招标采购交易平台,行业垂直,企业招投标平台,https://dzzb.ciesco.com.cn/,heuristic_only,200,https://dzzb.ciesco.com.cn/home,auth_gate,medium,命中关键词: 招标、采购；页面存在登录或身份认证特征；发生 1 次跳转
126,华润集团守正电子招标平台,行业垂直,企业招投标平台,https://szecp.crc.com.cn/,heuristic_only,200,https://szecp.crc.com.cn/,auth_gate,medium,命中关键词: 招标、采购、中标、招采；页面存在登录或身份认证特征
128,中国有色集团采购招标电子商务平台,行业垂直,企业招投标平台,http://ecp.cnmc.com.cn,heuristic_only,200,http://ecp.cnmc.com.cn,auth_gate,medium,命中关键词: 招标、采购、中标；页面存在登录或身份认证特征
133,电能易购招标采购平台,行业垂直,企业招投标平台,https://ebid.espic.com.cn/,heuristic_only,200,https://ebid.espic.com.cn/,auth_gate,medium,命中关键词: 招标、采购、中标、竞价、招采；页面存在登录或身份认证特征
144,济能发集团电子招投标平台,行业垂直,企业招投标平台,http://zc.jneasygo.com/cms/index.htm,heuristic_only,200,http://zc.jneasygo.com/cms/index.htm,auth_gate,medium,命中关键词: 招标、招投标、中标；页面存在登录或身份认证特征
146,中国燃气集团电子招标采购交易平台,行业垂直,企业招投标平台,https://zrzbcg.chinagasholdings.com,heuristic_only,200,https://zrzbcg.chinagasholdings.com,auth_gate,medium,命中关键词: 招标、采购、招投标、招采；页面存在登录或身份认证特征
149,中国海洋石油集团有限公司采办业务管理与交易系统,行业垂直,企业交易系统,https://buy.cnooc.com.cn,heuristic_only,401,https://buy.cnooc.com.cn,auth_gate,medium,HTTP 401，疑似需要登录或授权
150,中储粮电子交易平台,行业垂直,企业交易系统,https://www.esinograin.com/,heuristic_only,200,https://www.esinograin.com/,auth_gate,medium,命中关键词: 采购、交易中心、电子交易平台、竞价；页面存在登录或身份认证特征
151,中国电建公共资源交易系统,行业垂直,企业交易系统,http://bid.powerchina.cn,heuristic_only,200,https://bid.powerchina.cn/,auth_gate,medium,命中关键词: 采购、公共资源；页面存在登录或身份认证特征；发生 1 次跳转
155,湖南省招标综合管理系统,行业垂直,企业招投标平台,http://www.hnbidding.com/,heuristic_only,200,http://www.hnbidding.com/,auth_gate,medium,命中关键词: 招标、采购、招投标、中标、政府采购；页面存在登录或身份认证特征
156,机电产品招标投标电子交易平台,行业垂直,企业招投标平台,http://www.chinabidding.com/,heuristic_only,200,https://www.chinabidding.com/,auth_gate,medium,命中关键词: 招标、采购、招投标、电子交易平台、政府采购、招采；页面存在登录或身份认证特征；发生 1 次跳转
157,中核集团电子采购平台,行业垂直,企业采购平台,https://www.cnncecp.com,heuristic_only,200,https://one.cnncecp.com/cnnc-pm-web/#/portal,auth_gate,medium,命中关键词: 采购；页面存在登录或身份认证特征；发生 1 次跳转
158,航天电子采购平台,行业垂直,企业采购平台,https://www.ispacechina.com/,heuristic_only,200,https://www.ispacechina.com/,auth_gate,medium,命中关键词: 招标、采购、招投标、竞价、招采；页面存在登录或身份认证特征
159,航空工业电子采购平台,行业垂直,企业采购平台,https://www.eavic.com/rest/index,heuristic_only,200,https://www.eavic.com/rest/index,auth_gate,medium,命中关键词: 招标、采购、中标、竞价；页面存在登录或身份认证特征
161,兵器工业集团公司采购电子商务平台,行业垂直,企业采购平台,https://www.norincogroup-ebuy.com/,heuristic_only,200,https://www.norincogroup-ebuy.com/,auth_gate,medium,命中关键词: 采购、招投标；页面存在登录或身份认证特征
166,大唐集团电子商务平台,行业垂直,企业采购平台,https://www.cdt-ec.com/,heuristic_only,200,http://www.cdt-ec.com/home/,auth_gate,medium,页面存在登录或身份认证特征；发生 1 次跳转
168,国家电投电子商务平台,行业垂直,企业采购平台,https://www.espic.com.cn/,heuristic_only,200,https://www.espic.com.cn/,auth_gate,medium,命中关键词: 招采；页面存在登录或身份认证特征
169,中国三峡电子采购平台,行业垂直,企业采购平台,https://eps.ctg.com.cn/,heuristic_only,200,https://eps.ctg.com.cn/,auth_gate,medium,命中关键词: 招标、采购、中标；页面存在登录或身份认证特征
172,中国一重集中采购平台,行业垂直,企业采购平台,http://jzcg.cfhi.com/,heuristic_only,200,http://jzcg.cfhi.com/cms/,auth_gate,medium,命中关键词: 招标、采购、中标、政府采购；页面存在登录或身份认证特征；发生 1 次跳转
173,国机集团电子采购平台,行业垂直,企业采购平台,https://epp.sinomach.com.cn/,heuristic_only,200,https://epp.sinomach.com.cn/,auth_gate,medium,命中关键词: 招标、采购、中标；页面存在登录或身份认证特征
174,哈尔滨电气集团电子商务平台,行业垂直,企业采购平台,https://scm.harbin-electric.com/,heuristic_only,200,https://scm.harbin-electric.com/,auth_gate,medium,命中关键词: 招标、采购、公共资源、招投标、中标、政府采购；页面存在登录或身份认证特征
176,中国航空集团有限公司采购管理平台,行业垂直,企业采购平台,https://pur.airchina.com.cn/,heuristic_only,200,https://pur.airchina.com.cn/,auth_gate,medium,命中关键词: 招标、采购、中标；页面存在登录或身份认证特征
177,东航集中采购平台,行业垂直,企业采购平台,https://caigou.ceair.com/,heuristic_only,200,https://caigou.ceair.com/portal/index,auth_gate,medium,命中关键词: 招标、采购；页面存在登录或身份认证特征；发生 1 次跳转
178,南航电子采购平台,行业垂直,企业采购平台,https://csbidding.csair.cn/,heuristic_only,200,https://csbidding.csair.cn/,auth_gate,medium,命中关键词: 招标、采购、招投标、中标；页面存在登录或身份认证特征
180,通用技术中心采购平台,行业垂直,企业采购平台,https://cg.gt.cn/,heuristic_only,200,https://cg.gt.cn/,auth_gate,medium,命中关键词: 采购；页面存在登录或身份认证特征
181,国投集团电子采购平台,行业垂直,企业采购平台,https://www.sdicc.com.cn/,heuristic_only,200,https://www.sdicc.com.cn/,auth_gate,medium,命中关键词: 招标、采购；页面存在登录或身份认证特征
182,中国节能电子采购平台,行业垂直,企业采购平台,https://www.ebidding.cecep.cn/,heuristic_only,200,https://www.ebidding.cecep.cn/,auth_gate,medium,命中关键词: 招标、采购、中标、招采；页面存在登录或身份认证特征
183,中煤集团采购一体化平台,行业垂直,企业采购平台,https://ego.chinacoal.com/,heuristic_only,200,https://ego.chinacoal.com/,auth_gate,medium,命中关键词: 采购；页面存在登录或身份认证特征
185,首创股份电子商务平台,行业垂直,企业采购平台,http://ecp.capitalwater.cn/,heuristic_only,200,http://ecp.capitalwater.cn/,auth_gate,medium,命中关键词: 招标、采购、中标；页面存在登录或身份认证特征
187,国铁采购平台,行业垂直,企业采购平台,https://cg.95306.cn/,heuristic_only,200,https://cg.95306.cn/,auth_gate,medium,命中关键词: 招标、采购、招投标、中标、竞价；页面存在登录或身份认证特征
189,中国印钞造币集中采购电子平台,行业垂直,企业采购平台,https://bidding.cbpm.cn,heuristic_only,200,https://bidding.cbpm.cn,auth_gate,medium,命中关键词: 招标、采购、中标；页面存在登录或身份认证特征
190,中国交建装备采购管理信息系统,行业垂直,企业采购平台,http://ecp.ccccltd.cn,heuristic_only,200,https://portal.ccccltd.cn/sso_sys?cb=http://ecp.ccccltd.cn/,auth_gate,medium,命中关键词: 采购；页面存在登录或身份认证特征；发生 1 次跳转
192,内蒙古电力集团电子商务系统,行业垂直,企业采购平台,http://impc.e-bidding.org/,heuristic_only,200,http://impc.e-bidding.org/,auth_gate,medium,命中关键词: 招标、采购、中标；页面存在登录或身份认证特征
197,中国通用招标网暨电子招标平台,第三方综合,聚合平台,http://www.china-tender.com.cn,heuristic_only,200,https://www.china-tender.com.cn/,auth_gate,medium,命中关键词: 招标、采购、招投标、电子交易平台、竞价、政府采购；页面存在登录或身份认证特征；发生 1 次跳转
198,中招联合招标采购平台,第三方综合,聚合平台,http://www.365trade.com.cn/,heuristic_only,200,http://www.365trade.com.cn/,auth_gate,medium,命中关键词: 招标、采购、竞价；页面存在登录或身份认证特征
201,易联招采网,第三方综合,聚合平台,http://www.elian.net,heuristic_only,200,http://www.elian.net,auth_gate,medium,命中关键词: 招标、采购、中标、政府采购、招采；页面存在登录或身份认证特征
202,国信创新招标投标交易平台,第三方综合,聚合平台,http://www.e-bidding.org,heuristic_only,200,http://www.e-bidding.org,auth_gate,medium,命中关键词: 招标、采购、招投标、中标、政府采购；页面存在登录或身份认证特征
207,隆道平台,第三方综合,聚合平台,http://www.longdaoyun.com,heuristic_only,200,https://www.longdaoyun.com/,auth_gate,medium,命中关键词: 招标、采购；页面存在登录或身份认证特征；发生 1 次跳转
210,清华控股招标采购交易平台,第三方综合,聚合平台,http://www.ronghui.net/,heuristic_only,200,https://wanwang.aliyun.com/hosting/manual_stop/,auth_gate,medium,命中关键词: 招标、采购；页面存在登录或身份认证特征；发生 2 次跳转
213,物资网,第三方综合,聚合平台,http://www.wuzi.com/,heuristic_only,200,http://www.wuzi.com/,auth_gate,medium,页面存在登录或身份认证特征
215,中采惠招电子招投标交易平台,第三方综合,聚合平台,http://www.zchzb.com,heuristic_only,200,http://www.zchzb.com,auth_gate,medium,命中关键词: 招标、采购、招投标、招采；页面存在登录或身份认证特征
217,招标通电子招投标交易平台,第三方综合,聚合平台,http://www.hebztb.com,heuristic_only,200,http://www.hebztb.com,auth_gate,medium,命中关键词: 招标、采购、招投标、中标、招采；页面存在登录或身份认证特征
218,河北电子招标投标交易平台,第三方综合,聚合平台,http://hbxh.86ztb.com,heuristic_only,200,http://hbxh.86ztb.com/index.htm?pf=hbxh,auth_gate,medium,命中关键词: 招标、采购、公共资源、中标、政府采购；页面存在登录或身份认证特征；发生 2 次跳转
219,河北张家口电子招标投标交易平台,第三方综合,聚合平台,http://hbzjk.86ztb.com,heuristic_only,200,http://hbzjk.86ztb.com/index.htm?pf=hbzjk,auth_gate,medium,命中关键词: 招标、采购、公共资源、交易中心、招投标、中标；页面存在登录或身份认证特征；发生 2 次跳转
221,惠招标,第三方综合,聚合平台,http://www.hbidding.com/,heuristic_only,200,http://www.hbidding.com/,auth_gate,medium,命中关键词: 招标、招投标；页面存在登录或身份认证特征
222,E招冀成电子招投标交易平台,第三方综合,聚合平台,http://www.hebeibidding.com,heuristic_only,200,https://www.hebeibidding.com/,auth_gate,medium,命中关键词: 招标、采购、招投标、中标、政府采购；页面存在登录或身份认证特征；发生 1 次跳转
223,建投商务网,第三方综合,聚合平台,http://www.jtsww.com,heuristic_only,200,https://www.jtsww.com/,auth_gate,medium,命中关键词: 招标、采购、中标、竞价；页面存在登录或身份认证特征；发生 1 次跳转
226,中招联合（山西）招标采购平台,第三方综合,聚合平台,http://shanxi.365trade.com.cn,heuristic_only,200,http://shanxi.365trade.com.cn,auth_gate,medium,命中关键词: 招标、采购；页面存在登录或身份认证特征
227,旺采网山西交易平台,第三方综合,聚合平台,http://sx.5ibid.net,heuristic_only,200,https://www.5ibid.net/Liems/index.html,auth_gate,medium,命中关键词: 招标、采购、公共资源、中标、竞价；页面存在登录或身份认证特征；发生 2 次跳转
228,易招标山西交易平台,第三方综合,聚合平台,http://sxty.ebidding.net.cn,heuristic_only,200,http://sxty.ebidding.net.cn,auth_gate,medium,命中关键词: 招标、采购、中标、招采；页面存在登录或身份认证特征
233,金蝉电子招投标综合交易平台,第三方综合,聚合平台,http://www.jcebid.com,heuristic_only,200,http://www.jcebid.com,auth_gate,medium,命中关键词: 招标、采购、公共资源、招投标、中标；页面存在登录或身份认证特征
234,伟拓招标采购交易平台,第三方综合,聚合平台,http://www.wtjypt.com,heuristic_only,200,http://www.wtjypt.com,auth_gate,medium,命中关键词: 招标、采购、招投标、中标、竞价、招采；页面存在登录或身份认证特征
235,云采供内蒙古公共资源交易平台,第三方综合,聚合平台,http://nmg.86ztb.com,heuristic_only,200,http://nmg.86ztb.com/index.htm?pf=nmg,auth_gate,medium,命中关键词: 招标、采购、公共资源、招投标、中标、政府采购；页面存在登录或身份认证特征；发生 2 次跳转
236,内蒙古电子招标投标交易平台,第三方综合,聚合平台,http://nmgxh.86ztb.com,heuristic_only,200,http://nmgxh.86ztb.com/index.htm?pf=nmgxh,auth_gate,medium,命中关键词: 招标、采购、招投标、中标、政府采购；页面存在登录或身份认证特征；发生 2 次跳转
237,内蒙古宣宇电子交易平台,第三方综合,聚合平台,http://www.nmgxuanyu.com,heuristic_only,200,http://www.nmgxuanyu.com,auth_gate,medium,命中关键词: 招标、采购、电子交易平台、中标、政府采购；页面存在登录或身份认证特征
241,招采进宝,第三方综合,聚合平台,https://www.zcjb.com.cn/,heuristic_only,200,https://www.zcjb.com.cn/,auth_gate,medium,命中关键词: 招标、采购、招投标、中标、政府采购、招采；页面存在登录或身份认证特征
244,旺采网,第三方综合,聚合平台,http://www.5ibid.net,heuristic_only,200,https://www.5ibid.net/Liems/index.html,auth_gate,medium,命中关键词: 招标、采购、公共资源、中标、竞价；页面存在登录或身份认证特征；发生 2 次跳转
246,江苏省机电设备招标投标交易平台,第三方综合,聚合平台,http://www.szyc99.cn,heuristic_only,403,http://www.szyc99.cn,auth_gate,medium,HTTP 403，疑似需要登录或授权
247,E交易,第三方综合,聚合平台,https://www.ejy365.com/,heuristic_only,200,https://www.ejy365.com/,auth_gate,medium,命中关键词: 招标、采购、交易中心、竞价；页面存在登录或身份认证特征
248,新点电子交易平台,第三方综合,聚合平台,http://www.etrading.cn,heuristic_only,200,https://www.etrading.cn/,auth_gate,medium,命中关键词: 招标、采购、电子交易平台、中标、政府采购、招采；页面存在登录或身份认证特征；发生 1 次跳转
251,招天下招投标交易平台,第三方综合,聚合平台,http://www.zhaotx.cn/,heuristic_only,403,http://www.zhaotx.cn/,auth_gate,medium,HTTP 403，疑似需要登录或授权
252,招必得-建易招标采购平台,第三方综合,聚合平台,http://www.zhaobide.com,heuristic_only,200,https://www.zhaobide.com/,auth_gate,medium,命中关键词: 招标、采购、中标；页面存在登录或身份认证特征；发生 1 次跳转
253,明信阳光电子招标采购交易平台,第三方综合,聚合平台,http://www.51ygcg.com/,heuristic_only,200,https://www.51ygcg.com/,auth_gate,medium,命中关键词: 招标、采购、招投标、中标；页面存在登录或身份认证特征；发生 1 次跳转
256,信e采,第三方综合,聚合平台,http://www.xinecai.com/,heuristic_only,200,https://www.xinecai.com/,auth_gate,medium,命中关键词: 招标、采购、电子交易平台；页面存在登录或身份认证特征；发生 1 次跳转
259,海易招电子招标投标交易平台,第三方综合,聚合平台,http://www.hyebid.cn/hyweb/hyebid/hyIndex.do,heuristic_only,200,http://www.hyebid.cn/hyweb/hyebid/hyIndex.do,auth_gate,medium,命中关键词: 招标；页面存在登录或身份认证特征
260,黑猫集团招采平台,第三方综合,聚合平台,http://www.hmjtztb.com,heuristic_only,200,http://www.hmjtztb.com,auth_gate,medium,命中关键词: 招标、采购、中标、招采；页面存在登录或身份认证特征
261,青岛国信招投标采购平台,第三方综合,聚合平台,http://eps.qdgxjt.com/cms/index.htm,heuristic_only,200,http://eps.qdgxjt.com/cms/index.htm,auth_gate,medium,命中关键词: 招标、采购、招投标、中标；页面存在登录或身份认证特征
262,齐鲁采购与招标网,第三方综合,聚合平台,http://www.qlebid.com/,heuristic_only,200,http://www.qlebid.com/,auth_gate,medium,命中关键词: 招标、采购、中标；页面存在登录或身份认证特征
263,爱建云招标采购电子交易平台,第三方综合,聚合平台,http://www.aijianyun.com/,heuristic_only,200,http://www.aijianyun.com/,auth_gate,medium,命中关键词: 招标、采购、电子交易平台、中标；页面存在登录或身份认证特征
264,赢标电子招标采购交易平台,第三方综合,聚合平台,http://www.fzbidding.com,heuristic_only,200,https://www.fzbidding.com/,auth_gate,medium,命中关键词: 招标、采购、比选；页面存在登录或身份认证特征；发生 1 次跳转
268,河南阳光电子招标采购交易平台,第三方综合,聚合平台,http://www.sunbidding.com,heuristic_only,200,https://www.sunbidding.com/,auth_gate,medium,命中关键词: 招标、采购、公共资源、交易中心、政府采购、招采；页面存在登录或身份认证特征；发生 1 次跳转
269,河南豫信公共资源交易平台,第三方综合,聚合平台,http://www.hnyxggzy.com/,heuristic_only,200,http://www.hnyxggzy.com/,auth_gate,medium,命中关键词: 招标、采购、公共资源、招投标、政府采购；页面存在登录或身份认证特征
272,国采全流程电子化交易系统（3.0）,第三方综合,聚合平台,http://www.cppchina.cn/,heuristic_only,200,https://www.cppchina.cn/,auth_gate,medium,命中关键词: 招标、采购、公共资源、交易中心、招投标、中标、政府采购；页面存在登录或身份认证特征；发生 1 次跳转
273,东风招投标交易中心电子交易平台,第三方综合,聚合平台,https://www.dongfengtc.com/,heuristic_only,200,https://www.dongfengtc.com/,auth_gate,medium,命中关键词: 招标、采购、公共资源、交易中心、招投标、电子交易平台、中标、竞价、政府采购、招采；页面存在登录或身份认证特征
274,优智易采电子招标采购平台,第三方综合,聚合平台,https://yzyc.mzxxkj.com/,heuristic_only,200,https://yzyc.mzxxkj.com/emps/wz/,auth_gate,medium,命中关键词: 招标、采购、中标、政府采购；页面存在登录或身份认证特征；发生 2 次跳转
277,招采猫电子交易平台,第三方综合,聚合平台,http://www.bidcat.cn,heuristic_only,200,http://www.bidcat.cn,auth_gate,medium,命中关键词: 招标、采购、招投标、电子交易平台、中标、政府采购、招采；页面存在登录或身份认证特征
279,广东省机电设备招标中心有限公司电子招标采购交易平台,第三方综合,聚合平台,http://www.gdebidding.com,heuristic_only,200,http://www.gdebidding.com,auth_gate,medium,命中关键词: 招标、采购、电子交易平台；页面存在登录或身份认证特征
280,中易电子交易平台,第三方综合,聚合平台,http://www.cotenders.cn,heuristic_only,200,https://www.cotenders.cn/,auth_gate,medium,命中关键词: 招标、采购、电子交易平台、竞价、政府采购；页面存在登录或身份认证特征；发生 1 次跳转
281,南方招标与采购交易平台,第三方综合,聚合平台,http://www.eebidding.com,heuristic_only,200,https://www.eebidding.com/f,auth_gate,medium,命中关键词: 招标、采购、中标、政府采购；页面存在登录或身份认证特征；发生 2 次跳转
282,优管网电子招投标交易平台,第三方综合,聚合平台,http://bid.epipe.cn,heuristic_only,200,https://bid.epipe.cn/,auth_gate,medium,命中关键词: 招标、采购、交易中心、招投标、中标；页面存在登录或身份认证特征；发生 1 次跳转
284,城轨采购网,第三方综合,聚合平台,http://www.mtrmart.com,heuristic_only,200,https://www.mtrmart.com/,auth_gate,medium,命中关键词: 招标、采购；页面存在登录或身份认证特征；发生 1 次跳转
285,成都国采交易中心,第三方综合,聚合平台,http://star.cdguowan.com/,heuristic_only,200,http://star.cdguowan.com/,auth_gate,medium,命中关键词: 招标、采购、交易中心、招投标、中标、招采；页面存在登录或身份认证特征
286,阳光慧采电子交易平台,第三方综合,聚合平台,https://www.ezb.net.cn/,heuristic_only,200,https://www.ezb.net.cn/,auth_gate,medium,命中关键词: 招标、采购、电子交易平台、竞价、比选、政府采购、招采；页面存在登录或身份认证特征
287,中国工程物理研究院电子招投标平台,第三方综合,聚合平台,http://ztbxx.caep.ac.cn,heuristic_only,200,https://ztbxx.caep.ac.cn/,auth_gate,medium,命中关键词: 招标、采购、招投标、中标；页面存在登录或身份认证特征；发生 1 次跳转
290,云采招阳,第三方综合,聚合平台,https://www.ebidcn.com,heuristic_only,200,https://www.ebidcn.com,auth_gate,medium,命中关键词: 招标、采购、公共资源、招投标、政府采购、招采；页面存在登录或身份认证特征
291,龙标电子招标投标交易平台,第三方综合,聚合平台,https://www.elongbiao.com/,heuristic_only,200,https://www.elongbiao.com/,auth_gate,medium,命中关键词: 招标、采购、中标；页面存在登录或身份认证特征
293,用友云采购服务平台,第三方综合,聚合平台,https://yc.yonyoucloud.com,heuristic_only,200,https://yc.yonyoucloud.com/home/,auth_gate,medium,命中关键词: 采购；页面存在登录或身份认证特征；发生 1 次跳转
294,金采网金融行业电子采购与数据资源服务平台,第三方综合,聚合平台,http://www.cfcpn.com/,heuristic_only,200,http://www.cfcpn.com/,auth_gate,medium,命中关键词: 采购；页面存在登录或身份认证特征
296,云采链线上采购一体化平台,第三方综合,聚合平台,http://www.choicelink.cn/,heuristic_only,200,http://www.choicelink.cn/,auth_gate,medium,命中关键词: 招标、采购、竞价、政府采购；页面存在登录或身份认证特征
298,国E电子招标采购服务平台,第三方综合,聚合平台,http://www.ebidding.com,heuristic_only,200,http://www.ebidding.com,auth_gate,medium,命中关键词: 招标、采购、公共资源、交易中心、招投标、中标、竞价、政府采购、招采；页面存在登录或身份认证特征
299,政采云,第三方综合,聚合平台,https://www.zcygov.cn/,heuristic_only,200,https://www.zcygov.cn/,auth_gate,medium,命中关键词: 采购、政府采购；页面存在登录或身份认证特征
300,政采云军采版,行业垂直,军采,https://www.jc.zcygov.cn/,heuristic_only,200,https://www.jc.zcygov.cn/,auth_gate,medium,命中关键词: 采购、政府采购；页面存在登录或身份认证特征
301,徽采云,地方,政府采购,https://mall.anhui.zcygov.cn/,heuristic_only,200,https://mall.anhui.zcygov.cn/,auth_gate,medium,命中关键词: 采购、政府采购；页面存在登录或身份认证特征
302,广西政采云,地方,政府采购,https://www.gcy.zfcg.gxzf.gov.cn/,heuristic_only,200,https://www.gcy.zfcg.gxzf.gov.cn/,auth_gate,medium,页面存在登录或身份认证特征
305,国资优采云平台,第三方综合,聚合平台,http://www.gzycy.com,heuristic_only,200,http://www.gzycy.com,auth_gate,medium,命中关键词: 招标、采购、公共资源、交易中心、招投标、电子交易平台、中标、竞价、政府采购、招采；页面存在登录或身份认证特征
306,政采云电子招投标系统,第三方综合,聚合平台,http://www.zhengcaiyun.cn,heuristic_only,200,https://www.zhengcaiyun.cn/,auth_gate,medium,命中关键词: 采购、招投标；页面存在登录或身份认证特征；发生 1 次跳转
1,中国国际招标网,国家级,官方核心,https://www.chinabidding.com.cn,heuristic_only,200,https://www.chinabidding.com.cn,non_bidding_content,medium,命中关键词: 招标
9,云南省公共资源交易信息网,地方省市,公共资源交易,http://ggzy.yn.gov.cn,heuristic_only,200,https://ggzy.yn.gov.cn/,non_bidding_content,medium,命中关键词: 公共资源；发生 1 次跳转
21,天津市公共资源交易平台,地方省市,公共资源交易,http://ggzy.zwfwb.tj.gov.cn,heuristic_only,200,http://ggzy.zwfwb.tj.gov.cn,non_bidding_content,medium,命中关键词: 公共资源
23,宁夏回族自治区公共资源交易网,地方省市,公共资源交易,http://www.nxggzyjy.org,heuristic_only,200,http://www.nxggzyjy.org,non_bidding_content,medium,命中关键词: 公共资源
40,江苏省招标投标公共服务平台,地方省市,公共资源交易,http://www.jszbtb.com,heuristic_only,200,https://www.jszbtb.com/,non_bidding_content,medium,命中关键词: 招标；发生 1 次跳转
47,浙江招标投标公共服务平台,地方省市,公共资源交易,https://zj.bidnews.cn,heuristic_only,200,https://zj.bidnews.cn,non_bidding_content,medium,命中关键词: 招标
54,湖南省公共资源交易平台,地方省市,公共资源交易,https://www.hnsggzy.com,heuristic_only,200,https://www.hnsggzy.com,non_bidding_content,medium,命中关键词: 公共资源
57,福建省公共资源交易电子公共服务平台,地方省市,公共资源交易,https://ggzyfw.fujian.gov.cn,heuristic_only,200,https://ggzyfw.fujian.gov.cn,non_bidding_content,medium,命中关键词: 公共资源
71,青海省公共资源交易网,地方省市,公共资源交易,https://www.qhggzyjy.gov.cn,heuristic_only,200,http://www.qhggzyjy.gov.cn/ggzy/,non_bidding_content,medium,命中关键词: 公共资源；发生 1 次跳转
78,中国电信阳光采购网,行业垂直,行业核心,https://caigou.chinatelecom.com.cn,heuristic_only,200,https://caigou.chinatelecom.com.cn,non_bidding_content,medium,命中关键词: 采购
84,云筑网（中建）,行业垂直,行业核心,https://www.yzw.cn,heuristic_only,200,https://www.yzw.cn,non_bidding_content,medium,页面特征较弱，启发式判断置信度有限
86,国家电网电子商务平台,行业垂直,行业核心,https://ecp.sgcc.com.cn,heuristic_only,200,https://ecp.sgcc.com.cn/ecp2.0/portal/#/,non_bidding_content,medium,发生 1 次跳转
87,国家能源集团电子商务平台,行业垂直,行业核心,https://www.chnenergybidding.com.cn,heuristic_only,200,https://www.chnenergybidding.com.cn,non_bidding_content,medium,页面特征较弱，启发式判断置信度有限
92,比地招标网,第三方综合,聚合平台,https://www.bidizhaobiao.com,heuristic_only,200,https://www.bidizhaobiao.com,non_bidding_content,medium,命中关键词: 招标
112,青海公共资源交易网,地方省市,公共资源交易,http://www.qhggzyjy.gov.cn/ggzy/,heuristic_only,200,http://www.qhggzyjy.gov.cn/ggzy/,non_bidding_content,medium,命中关键词: 公共资源
115,广西公共资源交易服务平台,地方省市,公共资源交易,http://ggzy.jgswj.gxzf.gov.cn/gxggzy/,heuristic_only,200,http://ggzy.jgswj.gxzf.gov.cn/gxggzy/,non_bidding_content,medium,命中关键词: 公共资源
119,中国石油招标投标网,行业垂直,企业招投标平台,https://www.cnpcbidding.com/,heuristic_only,200,https://www.cnpcbidding.com/,non_bidding_content,medium,命中关键词: 招标
124,中化电子招投标平台,行业垂直,企业招投标平台,http://e.sinochemitc.com/,heuristic_only,200,http://e.sinochemitc.com/,non_bidding_content,medium,命中关键词: 招投标
131,中国石化电子招标投标交易平台（工程、服务交易平台）,行业垂直,企业招投标平台,https://ebidding.sinopec.com,heuristic_only,200,https://ebidding.sinopec.com,non_bidding_content,medium,命中关键词: 招标
134,北京能源招投标网,行业垂直,企业招投标平台,http://www.be-bidding.com,heuristic_only,200,http://www.be-bidding.com,non_bidding_content,medium,命中关键词: 招投标
135,航空工业电子招投标交易平台,行业垂直,企业招投标平台,http://ebid.eavic.com,heuristic_only,200,https://ebid.eavic.com/,non_bidding_content,medium,命中关键词: 招投标；发生 1 次跳转
147,陕投电子招标平台,行业垂直,企业招投标平台,http://www.stdzzb.com,heuristic_only,200,https://www.stdzzb.com/,non_bidding_content,medium,命中关键词: 招标；发生 1 次跳转
160,中国船舶采购管理电子商务平台,行业垂直,企业采购平台,http://www.ebuycsemc.com,heuristic_only,200,https://www.ebuycsemc.com/,non_bidding_content,medium,命中关键词: 采购；发生 1 次跳转
162,中国电子科技集团有限公司电子采购平台,行业垂直,企业采购平台,http://www.cetceg.com/,heuristic_only,200,https://www.cetceg.com/,non_bidding_content,medium,命中关键词: 采购；发生 1 次跳转
163,中国融通电子商务平台,行业垂直,企业采购平台,https://www.ronghw.cn/,heuristic_only,200,https://www.ronghw.cn/web-portal/index.html,non_bidding_content,medium,发生 1 次跳转
164,中国石化物资采购电子商务平台,行业垂直,企业采购平台,https://ec.sinopec.com/,heuristic_only,200,https://ec.sinopec.com/,non_bidding_content,medium,命中关键词: 采购
179,中国五矿集团采购电子商务平台,行业垂直,企业采购平台,https://ec.minmetals.com.cn/,heuristic_only,200,https://ec.minmetals.com.cn/logonAction.do,non_bidding_content,medium,命中关键词: 采购；发生 1 次跳转
184,中国煤科电子采购平台,行业垂直,企业采购平台,http://cg.ccteg.cn/,heuristic_only,200,http://cg.ccteg.cn/,non_bidding_content,medium,命中关键词: 采购
194,铁建汇采工程物资设备电商平台,行业垂直,企业采购平台,http://www.crcchc.com,heuristic_only,200,https://www.crcchc.com/,non_bidding_content,medium,发生 1 次跳转
196,中广核电子商务平台,行业垂直,企业采购平台,https://ecp.cgnpc.com.cn/,heuristic_only,201,https://ecp.cgnpc.com.cn/,non_bidding_content,medium,页面特征较弱，启发式判断置信度有限
199,中化商务电子招投标平台,第三方综合,聚合平台,http://e.sinochemitc.com,heuristic_only,200,http://e.sinochemitc.com,non_bidding_content,medium,命中关键词: 招投标
206,冀招标交易平台,第三方综合,聚合平台,http://www.jizhaobiao.com,heuristic_only,200,https://www.jizhaobiao.com/,non_bidding_content,medium,命中关键词: 招标；发生 1 次跳转
212,比德电子采购平台,第三方综合,聚合平台,http://www.bdebid.com,heuristic_only,200,https://www.bdebid.com/,non_bidding_content,medium,命中关键词: 采购；发生 1 次跳转
214,比比网,第三方综合,聚合平台,http://www.bitbid.cn,heuristic_only,200,http://www.bitbid.cn,non_bidding_content,medium,命中关键词: 招投标
225,质采智购,第三方综合,聚合平台,https://zc.ygyg.cn/,heuristic_only,200,https://zc.ygyg.cn/,non_bidding_content,medium,页面特征较弱，启发式判断置信度有限
238,阳光臻达电子招投标平台,第三方综合,聚合平台,http://www.ygzdztb.com,heuristic_only,200,https://www.ygzdztb.com/,non_bidding_content,medium,命中关键词: 招投标；发生 1 次跳转
240,一联易招电子招投标交易平台,第三方综合,聚合平台,http://www.ebid.sh.cn,heuristic_only,200,http://www.ebid.sh.cn,non_bidding_content,medium,命中关键词: 招投标
242,新点高校采购平台,第三方综合,聚合平台,http://www.ebidding.cn,heuristic_only,200,http://www.ebidding.cn,non_bidding_content,medium,命中关键词: 采购
249,中国e车网,第三方综合,聚合平台,http://www.ecrrc.com,heuristic_only,200,http://www.ecrrc.com,non_bidding_content,medium,页面特征较弱，启发式判断置信度有限
254,安招采,第三方综合,聚合平台,http://www.anzhaocai.com,heuristic_only,200,https://www.anzhaocai.com/,non_bidding_content,medium,命中关键词: 招采；发生 1 次跳转
255,优质采电子交易平台,第三方综合,聚合平台,http://www.youzhicai.com/,heuristic_only,200,https://www.youzhicai.com/,non_bidding_content,medium,命中关键词: 电子交易平台；发生 1 次跳转
265,鲁采采电子招投标交易平台,第三方综合,聚合平台,https://www.lucaicai.com,heuristic_only,200,https://www.lucaicai.com,non_bidding_content,medium,命中关键词: 招投标
276,一毂清风电子招投标交易系统,第三方综合,聚合平台,http://www.hbncp.com.cn,heuristic_only,200,https://www.hbncp.com.cn/,non_bidding_content,medium,命中关键词: 招投标；发生 1 次跳转
278,广咨电子招投标交易平台,第三方综合,聚合平台,http://www.gzebid.cn,heuristic_only,200,https://www.gzebid.cn/,non_bidding_content,medium,命中关键词: 招投标；发生 1 次跳转
283,云采供招投标在线,第三方综合,聚合平台,http://www.86ztb.com/index.html,heuristic_only,200,http://www.86ztb.com/index.html,non_bidding_content,medium,命中关键词: 招投标
292,易能智招电子交易平台,第三方综合,聚合平台,http://www.ynzhzh.com,heuristic_only,200,https://www.ynzhzh.com/,non_bidding_content,medium,命中关键词: 电子交易平台；发生 1 次跳转
