row_no,source_section,province,site_name,url,normalized_url,soft_match_key,effective_soft_match_key,candidate_source_level,candidate_platform_type,candidate_action,action_reason,xml_strict_url_dup_count,xml_name_dup_count,xml_soft_dup_count,review_bucket,db_match_type,db_match_count,existing_id,existing_name,existing_url,existing_normalized_url,existing_source_level,existing_platform_type,recommended_batch,recommended_action
1,全国公共平台,,中国政府采购网,https://www.ccgp.gov.cn/,https://www.ccgp.gov.cn/,www.ccgp.gov.cn,www.ccgp.gov.cn,国家级,政府采购,keep,符合公共资源/政府采购/央采主站点特征，可作为补充候选,1,1,1,main_site_candidate,soft_match,1,3,中国政府采购网,https://www.ccgp.gov.cn,https://www.ccgp.gov.cn,国家级,官方核心,B-现有库归并,merge_soft_match
2,全国公共平台,,全国公共资源交易平台,http://www.ggzy.gov.cn/,http://www.ggzy.gov.cn/,www.ggzy.gov.cn,www.ggzy.gov.cn,国家级,公共资源交易,keep,符合公共资源/政府采购/央采主站点特征，可作为补充候选,1,1,1,main_site_candidate,soft_match,1,5,全国公共资源交易平台,https://www.ggzy.gov.cn,https://www.ggzy.gov.cn,国家级,官方核心,B-现有库归并,merge_soft_match
3,全国公共平台,,中国招标投标公共服务平台,http://www.cebpubservice.com/,http://www.cebpubservice.com/,www.cebpubservice.com,www.cebpubservice.com,国家级,招标采购平台,keep,符合公共资源/政府采购/央采主站点特征，可作为补充候选,1,1,1,main_site_candidate,soft_match,1,2,中国招标投标公共服务平台,https://www.cebpubservice.com,https://www.cebpubservice.com,国家级,官方核心,B-现有库归并,merge_soft_match
4,全国公共平台,,全国投资项目在线审批监管平台,https://new.tzxm.gov.cn/,https://new.tzxm.gov.cn/,new.tzxm.gov.cn,new.tzxm.gov.cn,国家级,审批监管,exclude,疑似登录页、审批/商城/超市类入口，不适合作为主站点库导入,1,1,1,exclude_noise,no_match,0,,,,,,,E-排除,exclude
5,央采军队采购平台,,中央政府采购网,https://www.zycg.gov.cn/,https://www.zycg.gov.cn/,www.zycg.gov.cn,www.zycg.gov.cn,国家级,政府采购,keep,符合公共资源/政府采购/央采主站点特征，可作为补充候选,1,1,1,main_site_candidate,soft_match,1,4,中央政府采购网,https://www.zycg.gov.cn,https://www.zycg.gov.cn,国家级,官方核心,B-现有库归并,merge_soft_match
6,央采军队采购平台,,中共中央直属机关采购中心,http://www.zzcg.gov.cn/,http://www.zzcg.gov.cn/,www.zzcg.gov.cn,www.zzcg.gov.cn,国家级,政府采购,keep,符合公共资源/政府采购/央采主站点特征，可作为补充候选,1,1,1,main_site_candidate,no_match,0,,,,,,,A-直接补充主站,add_candidate
7,央采军队采购平台,,中国海关政府采购网,http://hgcg.customs.gov.cn/,http://hgcg.customs.gov.cn/,hgcg.customs.gov.cn,hgcg.customs.gov.cn,国家级,政府采购,keep,符合公共资源/政府采购/央采主站点特征，可作为补充候选,1,1,1,main_site_candidate,no_match,0,,,,,,,A-直接补充主站,add_candidate
8,央采军队采购平台,,中国人民银行集中采购中心,https://jzcg.pbc.gov.cn/,https://jzcg.pbc.gov.cn/,jzcg.pbc.gov.cn,jzcg.pbc.gov.cn,国家级,政府采购,keep,符合公共资源/政府采购/央采主站点特征，可作为补充候选,1,1,1,main_site_candidate,no_match,0,,,,,,,A-直接补充主站,add_candidate
9,央采军队采购平台,,全国人大机关采购中心,https://ww.ccgp.gov.cn/qgrd/,https://ww.ccgp.gov.cn/qgrd/,ww.ccgp.gov.cn/qgrd,ww.ccgp.gov.cn/qgrd,国家级,政府采购,keep,符合公共资源/政府采购/央采主站点特征，可作为补充候选,1,1,1,main_site_candidate,no_match,0,,,,,,,A-直接补充主站,add_candidate
10,央采军队采购平台,,税务采购网,https://swcg.chinatax.gov.cn/,https://swcg.chinatax.gov.cn/,swcg.chinatax.gov.cn,swcg.chinatax.gov.cn,国家级,政府采购,keep,符合公共资源/政府采购/央采主站点特征，可作为补充候选,1,1,1,main_site_candidate,no_match,0,,,,,,,A-直接补充主站,add_candidate
11,央采军队采购平台,,军队采购网,https://www.plap.mil.cn/,https://www.plap.mil.cn/,www.plap.mil.cn,www.plap.mil.cn,国家级,军采,keep,符合公共资源/政府采购/央采主站点特征，可作为补充候选,1,1,1,main_site_candidate,no_match,0,,,,,,,A-直接补充主站,add_candidate
12,央采军队采购平台,,军网自采平台,https://zc.plap.mil.cn/,https://zc.plap.mil.cn/,zc.plap.mil.cn,zc.plap.mil.cn,国家级,待判定,keep,符合公共资源/政府采购/央采主站点特征，可作为补充候选,1,1,1,main_site_candidate,no_match,0,,,,,,,A-直接补充主站,add_candidate
13,央采军队采购平台,,军队药材集中采购交易系统,http://211.166.247.119/cas/login,http://211.166.247.119/cas/login,211.166.247.119/cas/login,211.166.247.119/cas/login,国家级,登录入口,exclude,疑似登录页、审批/商城/超市类入口，不适合作为主站点库导入,1,1,1,exclude_noise,no_match,0,,,,,,,E-排除,exclude
14,央采军队采购平台,,政采云军采版,https://www.jc.zcygov.cn/,https://www.jc.zcygov.cn/,www.jc.zcygov.cn,www.jc.zcygov.cn,国家级,军采,keep,符合公共资源/政府采购/央采主站点特征，可作为补充候选,1,1,1,cloud_platform_variant,no_match,0,,,,,,,C-企业招投标与云平台审查,manual_review_high
15,省市自治区政采、公共资源平台,北京市,北京市公共资源交易服务平台,https://ggzyfw.beijing.gov.cn/,https://ggzyfw.beijing.gov.cn/,ggzyfw.beijing.gov.cn,ggzyfw.beijing.gov.cn,地方省市,公共资源交易,keep,符合公共资源/政府采购/央采主站点特征，可作为补充候选,1,1,1,main_site_candidate,soft_match,1,15,北京市公共资源交易服务平台,https://ggzyfw.beijing.gov.cn,https://ggzyfw.beijing.gov.cn,地方省市,公共资源交易,B-现有库归并,merge_soft_match
16,省市自治区政采、公共资源平台,北京市,北京市政府采购网,http://www.ccgp-beijing.gov.cn/,http://www.ccgp-beijing.gov.cn/,www.ccgp-beijing.gov.cn,www.ccgp-beijing.gov.cn,地方省市,政府采购,keep,符合公共资源/政府采购/央采主站点特征，可作为补充候选,1,1,1,main_site_candidate,soft_match,1,16,北京市政府采购网,http://www.ccgp-beijing.gov.cn,http://www.ccgp-beijing.gov.cn,地方省市,政府采购,B-现有库归并,merge_soft_match
17,省市自治区政采、公共资源平台,北京市,京华云采电子卖场,http://mkt-bjzc.zhongcy.com/mall-view/,http://mkt-bjzc.zhongcy.com/mall-view/,mkt-bjzc.zhongcy.com/mall-view,mkt-bjzc.zhongcy.com/mall-view,地方省市,商城卖场,exclude,疑似登录页、审批/商城/超市类入口，不适合作为主站点库导入,1,1,1,exclude_noise,no_match,0,,,,,,,E-排除,exclude
18,省市自治区政采、公共资源平台,上海市,上海公共资源交易中心,https://www.shggzy.com,https://www.shggzy.com,www.shggzy.com,www.shggzy.com,地方省市,公共资源交易,keep,符合公共资源/政府采购/央采主站点特征，可作为补充候选,1,1,1,main_site_candidate,strict_match,1,7,上海市公共资源交易中心,https://www.shggzy.com,https://www.shggzy.com,地方省市,公共资源交易,B-现有库归并,merge_strict_match
19,省市自治区政采、公共资源平台,上海市,上海政府采购网,https://www.zfcg.sh.gov.cn/,https://www.zfcg.sh.gov.cn/,www.zfcg.sh.gov.cn,www.zfcg.sh.gov.cn,地方省市,政府采购,keep,符合公共资源/政府采购/央采主站点特征，可作为补充候选,1,1,1,main_site_candidate,soft_match,1,8,上海市政府采购网,http://www.zfcg.sh.gov.cn,http://www.zfcg.sh.gov.cn,地方省市,政府采购,B-现有库归并,merge_soft_match
20,省市自治区政采、公共资源平台,上海市,上海政府采购网上超市,https://wscs.zfcg.sh.gov.cn/,https://wscs.zfcg.sh.gov.cn/,wscs.zfcg.sh.gov.cn,wscs.zfcg.sh.gov.cn,地方省市,商城卖场,exclude,疑似登录页、审批/商城/超市类入口，不适合作为主站点库导入,1,1,1,exclude_noise,no_match,0,,,,,,,E-排除,exclude
21,省市自治区政采、公共资源平台,天津市,天津市公共资源交易服务平台,http://ggzy.zwfwb.tj.gov.cn/,http://ggzy.zwfwb.tj.gov.cn/,ggzy.zwfwb.tj.gov.cn,ggzy.zwfwb.tj.gov.cn,地方省市,公共资源交易,keep,符合公共资源/政府采购/央采主站点特征，可作为补充候选,1,1,1,main_site_candidate,soft_match,1,21,天津市公共资源交易平台,http://ggzy.zwfwb.tj.gov.cn,http://ggzy.zwfwb.tj.gov.cn,地方省市,公共资源交易,B-现有库归并,merge_soft_match
22,省市自治区政采、公共资源平台,天津市,天津市政府采购网,http://www.ccgp-tianjin.gov.cn/,http://www.ccgp-tianjin.gov.cn/,www.ccgp-tianjin.gov.cn,www.ccgp-tianjin.gov.cn,地方省市,政府采购,keep,符合公共资源/政府采购/央采主站点特征，可作为补充候选,1,1,1,main_site_candidate,soft_match,1,22,天津市政府采购网,http://www.ccgp-tianjin.gov.cn,http://www.ccgp-tianjin.gov.cn,地方省市,政府采购,B-现有库归并,merge_soft_match
23,省市自治区政采、公共资源平台,天津市,天津市政府采购中心,http://tjgpc.zwfwb.tj.gov.cn/,http://tjgpc.zwfwb.tj.gov.cn/,tjgpc.zwfwb.tj.gov.cn,tjgpc.zwfwb.tj.gov.cn,地方省市,政府采购,keep,符合公共资源/政府采购/央采主站点特征，可作为补充候选,1,1,1,main_site_candidate,no_match,0,,,,,,,A-直接补充主站,add_candidate
24,省市自治区政采、公共资源平台,天津市,天津市电子卖场,https://gcycloud.cn/gpmall-main-web/index,https://gcycloud.cn/gpmall-main-web/index,gcycloud.cn/gpmall-main-web/index,gcycloud.cn/gpmall-main-web/index,地方省市,商城卖场,exclude,疑似登录页、审批/商城/超市类入口，不适合作为主站点库导入,2,1,2,exclude_noise,no_match,0,,,,,,,E-排除,exclude
25,省市自治区政采、公共资源平台,河北省,河北省公共资源交易服务平台,http://ggzy.hebei.gov.cn/hbggfwpt/,http://ggzy.hebei.gov.cn/hbggfwpt/,ggzy.hebei.gov.cn/hbggfwpt,ggzy.hebei.gov.cn/hbggfwpt,地方省市,公共资源交易,keep,符合公共资源/政府采购/央采主站点特征，可作为补充候选,1,1,1,main_site_candidate,no_match,0,,,,,,,A-直接补充主站,add_candidate
26,省市自治区政采、公共资源平台,河北省,河北省政府采购网,http://www.ccgp-hebei.gov.cn/province/,http://www.ccgp-hebei.gov.cn/province/,www.ccgp-hebei.gov.cn/province,www.ccgp-hebei.gov.cn/province,地方省市,政府采购,keep,符合公共资源/政府采购/央采主站点特征，可作为补充候选,1,1,1,main_site_candidate,soft_match,1,43,中国河北政府采购网,https://www.ccgp-hebei.gov.cn/province,https://www.ccgp-hebei.gov.cn/province,地方省市,政府采购,B-现有库归并,merge_soft_match
27,省市自治区政采、公共资源平台,河北省,河北省政府采购网上商城,http://www.hebzfcgwssc.com/Mall/HeBei/index3.aspx,http://www.hebzfcgwssc.com/Mall/HeBei/index3.aspx,www.hebzfcgwssc.com/mall/hebei/index3.aspx,www.hebzfcgwssc.com/Mall/HeBei/index3.aspx,地方省市,商城卖场,exclude,疑似登录页、审批/商城/超市类入口，不适合作为主站点库导入,1,1,1,exclude_noise,no_match,0,,,,,,,E-排除,exclude
28,省市自治区政采、公共资源平台,山西省,山西公共资源交易平台,https://prec.sxzwfw.gov.cn/,https://prec.sxzwfw.gov.cn/,prec.sxzwfw.gov.cn,prec.sxzwfw.gov.cn,地方省市,公共资源交易,keep,符合公共资源/政府采购/央采主站点特征，可作为补充候选,1,1,1,main_site_candidate,no_match,0,,,,,,,A-直接补充主站,add_candidate
29,省市自治区政采、公共资源平台,山西省,山西省政府采购网,http://www.ccgp-shanxi.gov.cn/,http://www.ccgp-shanxi.gov.cn/,www.ccgp-shanxi.gov.cn,www.ccgp-shanxi.gov.cn,地方省市,政府采购,keep,符合公共资源/政府采购/央采主站点特征，可作为补充候选,1,1,1,main_site_candidate,soft_match,1,29,山西政府采购网,http://www.ccgp-shanxi.gov.cn,http://www.ccgp-shanxi.gov.cn,地方省市,政府采购,B-现有库归并,merge_soft_match
30,省市自治区政采、公共资源平台,山西省,山西省政府采购电子卖场,https://shanxisheng-zfcgdzmcgov.cn/,https://shanxisheng-zfcgdzmcgov.cn/,shanxisheng-zfcgdzmcgov.cn,shanxisheng-zfcgdzmcgov.cn,地方省市,商城卖场,exclude,疑似登录页、审批/商城/超市类入口，不适合作为主站点库导入,1,1,1,exclude_noise,no_match,0,,,,,,,E-排除,exclude
31,省市自治区政采、公共资源平台,辽宁省,辽宁公共资源交易服务平台,http://www.lnggzy.gov.cn/lnggzy/,http://www.lnggzy.gov.cn/lnggzy/,www.lnggzy.gov.cn/lnggzy,www.lnggzy.gov.cn/lnggzy,地方省市,公共资源交易,keep,符合公共资源/政府采购/央采主站点特征，可作为补充候选,1,1,1,main_site_candidate,no_match,0,,,,,,,A-直接补充主站,add_candidate
32,省市自治区政采、公共资源平台,辽宁省,辽宁政府采购网,http://www.ccgp-liaoning.gov.cn/,http://www.ccgp-liaoning.gov.cn/,www.ccgp-liaoning.gov.cn,www.ccgp-liaoning.gov.cn,地方省市,政府采购,keep,符合公共资源/政府采购/央采主站点特征，可作为补充候选,1,1,1,main_site_candidate,no_match,0,,,,,,,A-直接补充主站,add_candidate
33,省市自治区政采、公共资源平台,辽宁省,辽宁省网上商城,http://www.ccgp-liaoning.gov.cn/login,http://www.ccgp-liaoning.gov.cn/login,www.ccgp-liaoning.gov.cn/login,www.ccgp-liaoning.gov.cn/login,地方省市,登录入口,exclude,疑似登录页、审批/商城/超市类入口，不适合作为主站点库导入,1,1,1,exclude_noise,no_match,0,,,,,,,E-排除,exclude
34,省市自治区政采、公共资源平台,吉林省,吉林公共资源交易服务平台,http://www.ggzyzx.jl.gov.cn/,http://www.ggzyzx.jl.gov.cn/,www.ggzyzx.jl.gov.cn,www.ggzyzx.jl.gov.cn,地方省市,公共资源交易,keep,符合公共资源/政府采购/央采主站点特征，可作为补充候选,1,1,1,main_site_candidate,no_match,0,,,,,,,A-直接补充主站,add_candidate
35,省市自治区政采、公共资源平台,吉林省,吉林省政府采购网,http://www.ccgp-jilin.gov.cn/,http://www.ccgp-jilin.gov.cn/,www.ccgp-jilin.gov.cn,www.ccgp-jilin.gov.cn,地方省市,政府采购,keep,符合公共资源/政府采购/央采主站点特征，可作为补充候选,1,1,1,main_site_candidate,soft_match,1,18,吉林省政府采购网,http://www.ccgp-jilin.gov.cn,http://www.ccgp-jilin.gov.cn,地方省市,政府采购,B-现有库归并,merge_soft_match
36,省市自治区政采、公共资源平台,吉林省,吉林省政府采购云平台,https://www.zcygov.cn/,https://www.zcygov.cn/,www.zcygov.cn,www.zcygov.cn,地方省市,政府采购,review,云平台类入口需判断是否为主站、聚合页或交易入口,7,1,7,cloud_platform_variant,no_match,0,,,,,,,C-企业招投标与云平台审查,manual_review_high
37,省市自治区政采、公共资源平台,黑龙江省,黑龙江公共资源交易服务平台,https://ggzyjyw.hlj.gov.cn/,https://ggzyjyw.hlj.gov.cn/,ggzyjyw.hlj.gov.cn,ggzyjyw.hlj.gov.cn,地方省市,公共资源交易,keep,符合公共资源/政府采购/央采主站点特征，可作为补充候选,1,1,1,main_site_candidate,soft_match,1,73,黑龙江省公共资源交易网,https://ggzyjyw.hlj.gov.cn,https://ggzyjyw.hlj.gov.cn,地方省市,公共资源交易,B-现有库归并,merge_soft_match
38,省市自治区政采、公共资源平台,黑龙江省,黑龙江政府采购网,https://hljcg.hlj.gov.cn/,https://hljcg.hlj.gov.cn/,hljcg.hlj.gov.cn,hljcg.hlj.gov.cn,地方省市,政府采购,keep,符合公共资源/政府采购/央采主站点特征，可作为补充候选,1,1,1,main_site_candidate,soft_match,1,74,黑龙江省政府采购网,https://hljcg.hlj.gov.cn,https://hljcg.hlj.gov.cn,地方省市,政府采购,B-现有库归并,merge_soft_match
39,省市自治区政采、公共资源平台,黑龙江省,黑龙江政府采购电子卖场,https://hljcg.hlj.gov.cn/mall-view/,https://hljcg.hlj.gov.cn/mall-view/,hljcg.hlj.gov.cn/mall-view,hljcg.hlj.gov.cn/mall-view,地方省市,商城卖场,exclude,疑似登录页、审批/商城/超市类入口，不适合作为主站点库导入,1,1,1,exclude_noise,no_match,0,,,,,,,E-排除,exclude
40,省市自治区政采、公共资源平台,黑龙江省,黑龙江服务工程超市,http://hljcg.hlj.gov.cn/fwgccs/,http://hljcg.hlj.gov.cn/fwgccs/,hljcg.hlj.gov.cn/fwgccs,hljcg.hlj.gov.cn/fwgccs,地方省市,商城卖场,exclude,疑似登录页、审批/商城/超市类入口，不适合作为主站点库导入,1,1,1,exclude_noise,no_match,0,,,,,,,E-排除,exclude
41,省市自治区政采、公共资源平台,江苏省,江苏公共资源交易服务平台,http://jsggzy.jszwfw.gov.cn/,http://jsggzy.jszwfw.gov.cn/,jsggzy.jszwfw.gov.cn,jsggzy.jszwfw.gov.cn,地方省市,公共资源交易,keep,符合公共资源/政府采购/央采主站点特征，可作为补充候选,1,1,1,main_site_candidate,no_match,0,,,,,,,A-直接补充主站,add_candidate
42,省市自治区政采、公共资源平台,江苏省,江苏政府采购网,http://www.ccgp-jiangsu.gov.cn/,http://www.ccgp-jiangsu.gov.cn/,www.ccgp-jiangsu.gov.cn,www.ccgp-jiangsu.gov.cn,地方省市,政府采购,keep,符合公共资源/政府采购/央采主站点特征，可作为补充候选,2,1,2,main_site_candidate,soft_match,1,39,江苏政府采购网,http://www.ccgp-jiangsu.gov.cn,http://www.ccgp-jiangsu.gov.cn,地方省市,政府采购,B-现有库归并,merge_soft_match
43,省市自治区政采、公共资源平台,江苏省,苏采云,http://www.ccgp-jiangsu.gov.cn/,http://www.ccgp-jiangsu.gov.cn/,www.ccgp-jiangsu.gov.cn,www.ccgp-jiangsu.gov.cn,地方省市,待判定,keep,符合公共资源/政府采购/央采主站点特征，可作为补充候选,2,1,2,cloud_platform_variant,soft_match,1,39,江苏政府采购网,http://www.ccgp-jiangsu.gov.cn,http://www.ccgp-jiangsu.gov.cn,地方省市,政府采购,B-现有库归并,merge_soft_match
44,省市自治区政采、公共资源平台,浙江省,浙江公共资源交易服务平台,https://ggzy.zj.gov.cn/,https://ggzy.zj.gov.cn/,ggzy.zj.gov.cn,ggzy.zj.gov.cn,地方省市,公共资源交易,keep,符合公共资源/政府采购/央采主站点特征，可作为补充候选,1,1,1,main_site_candidate,no_match,0,,,,,,,A-直接补充主站,add_candidate
45,省市自治区政采、公共资源平台,浙江省,浙江政府采购网,https://zfcg.czt.zj.gov.cn/,https://zfcg.czt.zj.gov.cn/,zfcg.czt.zj.gov.cn,zfcg.czt.zj.gov.cn,地方省市,政府采购,keep,符合公共资源/政府采购/央采主站点特征，可作为补充候选,1,1,1,main_site_candidate,no_match,0,,,,,,,A-直接补充主站,add_candidate
46,省市自治区政采、公共资源平台,浙江省,政采云,https://www.zcygov.cn/,https://www.zcygov.cn/,www.zcygov.cn,www.zcygov.cn,地方省市,待判定,keep,符合公共资源/政府采购/央采主站点特征，可作为补充候选,7,1,7,cloud_platform_variant,no_match,0,,,,,,,C-企业招投标与云平台审查,manual_review_high
47,省市自治区政采、公共资源平台,安徽省,安徽省公共资源交易服务平台,https://ggzy.ah.gov.cn/,https://ggzy.ah.gov.cn/,ggzy.ah.gov.cn,ggzy.ah.gov.cn,地方省市,公共资源交易,keep,符合公共资源/政府采购/央采主站点特征，可作为补充候选,1,1,1,main_site_candidate,soft_match,1,25,安徽省公共资源交易监管网,http://ggzy.ah.gov.cn,http://ggzy.ah.gov.cn,地方省市,公共资源交易,B-现有库归并,merge_soft_match
48,省市自治区政采、公共资源平台,安徽省,安徽政府采购网,http://www.ccgp-anhui.gov.cn/,http://www.ccgp-anhui.gov.cn/,www.ccgp-anhui.gov.cn,www.ccgp-anhui.gov.cn,地方省市,政府采购,keep,符合公共资源/政府采购/央采主站点特征，可作为补充候选,1,1,1,main_site_candidate,soft_match,1,26,安徽省政府采购网,http://www.ccgp-anhui.gov.cn,http://www.ccgp-anhui.gov.cn,地方省市,政府采购,B-现有库归并,merge_soft_match
49,省市自治区政采、公共资源平台,安徽省,徽采云,https://mall.anhui.zcygov.cn/?utm=site.site-PC-4718.899-pc-websitegroup-anhuiTwoLinkfront.2.18df33a070b01lee9f1789d292a0ea5b,https://mall.anhui.zcygov.cn/?utm=site.site-PC-4718.899-pc-websitegroup-anhuiTwoLinkfront.2.18df33a070b01lee9f1789d292a0ea5b,mall.anhui.zcygov.cn/?utm=site.site-pc-4718.899-pc-websitegroup-anhuitwolinkfront.2.18df33a070b01lee9f1789d292a0ea5b,mall.anhui.zcygov.cn,地方省市,待判定,keep,符合公共资源/政府采购/央采主站点特征，可作为补充候选,1,1,1,cloud_platform_variant,no_match,0,,,,,,,C-企业招投标与云平台审查,manual_review_high
50,省市自治区政采、公共资源平台,福建省,福建公共资源交易服务平台,https://ggzyfw.fujian.gov.cn/,https://ggzyfw.fujian.gov.cn/,ggzyfw.fujian.gov.cn,ggzyfw.fujian.gov.cn,地方省市,公共资源交易,keep,符合公共资源/政府采购/央采主站点特征，可作为补充候选,1,1,1,main_site_candidate,soft_match,1,57,福建省公共资源交易电子公共服务平台,https://ggzyfw.fujian.gov.cn,https://ggzyfw.fujian.gov.cn,地方省市,公共资源交易,B-现有库归并,merge_soft_match
51,省市自治区政采、公共资源平台,福建省,福建省政府采购网,https://zfcg.czt.fujian.gov.cn/,https://zfcg.czt.fujian.gov.cn/,zfcg.czt.fujian.gov.cn,zfcg.czt.fujian.gov.cn,地方省市,政府采购,keep,符合公共资源/政府采购/央采主站点特征，可作为补充候选,1,1,1,main_site_candidate,no_match,0,,,,,,,A-直接补充主站,add_candidate
52,省市自治区政采、公共资源平台,福建省,福建省政府采购网上超市,https://zfcg.czt.fujian.gov.cn/gpmall-main-web/index,https://zfcg.czt.fujian.gov.cn/gpmall-main-web/index,zfcg.czt.fujian.gov.cn/gpmall-main-web/index,zfcg.czt.fujian.gov.cn/gpmall-main-web/index,地方省市,商城卖场,exclude,疑似登录页、审批/商城/超市类入口，不适合作为主站点库导入,1,1,1,exclude_noise,no_match,0,,,,,,,E-排除,exclude
53,省市自治区政采、公共资源平台,江西省,江西省公共资源交易服务平台,https://www.jxsggzy.cn/,https://www.jxsggzy.cn/,www.jxsggzy.cn,www.jxsggzy.cn,地方省市,公共资源交易,keep,符合公共资源/政府采购/央采主站点特征，可作为补充候选,1,1,1,main_site_candidate,no_match,0,,,,,,,A-直接补充主站,add_candidate
54,省市自治区政采、公共资源平台,江西省,江西省政府采购网,http://www.ccgp-jiangxi.gov.cn/web/,http://www.ccgp-jiangxi.gov.cn/web/,www.ccgp-jiangxi.gov.cn/web,www.ccgp-jiangxi.gov.cn/web,地方省市,政府采购,keep,符合公共资源/政府采购/央采主站点特征，可作为补充候选,1,1,1,main_site_candidate,soft_match,1,42,江西省政府采购网,http://www.ccgp-jiangxi.gov.cn/web,http://www.ccgp-jiangxi.gov.cn/web,地方省市,政府采购,B-现有库归并,merge_soft_match
55,省市自治区政采、公共资源平台,江西省,江西省政府采购电子卖场,https://www.jxemall.com/,https://www.jxemall.com/,www.jxemall.com,www.jxemall.com,地方省市,商城卖场,exclude,疑似登录页、审批/商城/超市类入口，不适合作为主站点库导入,1,1,1,exclude_noise,no_match,0,,,,,,,E-排除,exclude
56,省市自治区政采、公共资源平台,山东省,山东省公共资源交易服务平台,https://ggzyjy.shandong.gov.cn/,https://ggzyjy.shandong.gov.cn/,ggzyjy.shandong.gov.cn,ggzyjy.shandong.gov.cn,地方省市,公共资源交易,keep,符合公共资源/政府采购/央采主站点特征，可作为补充候选,1,1,1,main_site_candidate,soft_match,1,27,山东省公共资源交易平台,https://ggzyjy.shandong.gov.cn,https://ggzyjy.shandong.gov.cn,地方省市,公共资源交易,B-现有库归并,merge_soft_match
57,省市自治区政采、公共资源平台,山东省,山东政府采购网,http://www.ccgp-shandong.gov.cn/sdgp2017/site/index.jsp,http://www.ccgp-shandong.gov.cn/sdgp2017/site/index.jsp,www.ccgp-shandong.gov.cn/sdgp2017/site/index.jsp,www.ccgp-shandong.gov.cn/sdgp2017/site/index.jsp,地方省市,政府采购,keep,符合公共资源/政府采购/央采主站点特征，可作为补充候选,1,1,1,main_site_candidate,no_match,0,,,,,,,A-直接补充主站,add_candidate
58,省市自治区政采、公共资源平台,山东省,齐鲁云采山东省政府采购网上商城,http://ggzyjyzx.shandong.gov.cn:8282/gpmall-main-web/index,http://ggzyjyzx.shandong.gov.cn:8282/gpmall-main-web/index,ggzyjyzx.shandong.gov.cn:8282/gpmall-main-web/index,ggzyjyzx.shandong.gov.cn:8282/gpmall-main-web/index,地方省市,商城卖场,exclude,疑似登录页、审批/商城/超市类入口，不适合作为主站点库导入,1,1,1,exclude_noise,no_match,0,,,,,,,E-排除,exclude
59,省市自治区政采、公共资源平台,河南省,河南省公共资源交易中心,https://hnsggzyfwpt.hndrc.gov.cn/,https://hnsggzyfwpt.hndrc.gov.cn/,hnsggzyfwpt.hndrc.gov.cn,hnsggzyfwpt.hndrc.gov.cn,地方省市,公共资源交易,keep,符合公共资源/政府采购/央采主站点特征，可作为补充候选,1,1,1,main_site_candidate,no_match,0,,,,,,,A-直接补充主站,add_candidate
60,省市自治区政采、公共资源平台,河南省,河南省政府采购网,http://www.ccgp-henan.gov.cn/,http://www.ccgp-henan.gov.cn/,www.ccgp-henan.gov.cn,www.ccgp-henan.gov.cn,地方省市,政府采购,keep,符合公共资源/政府采购/央采主站点特征，可作为补充候选,1,1,1,main_site_candidate,soft_match,1,46,河南省政府采购网,http://www.ccgp-henan.gov.cn,http://www.ccgp-henan.gov.cn,地方省市,政府采购,B-现有库归并,merge_soft_match
61,省市自治区政采、公共资源平台,河南省,河南省政府采购云平台,https://www.zcygov.cn/,https://www.zcygov.cn/,www.zcygov.cn,www.zcygov.cn,地方省市,政府采购,review,云平台类入口需判断是否为主站、聚合页或交易入口,7,1,7,cloud_platform_variant,no_match,0,,,,,,,C-企业招投标与云平台审查,manual_review_high
62,省市自治区政采、公共资源平台,湖北省,湖北公共资源交易中心,https://www.hbggzyfwpt.cn/,https://www.hbggzyfwpt.cn/,www.hbggzyfwpt.cn,www.hbggzyfwpt.cn,地方省市,公共资源交易,keep,符合公共资源/政府采购/央采主站点特征，可作为补充候选,1,1,1,main_site_candidate,no_match,0,,,,,,,A-直接补充主站,add_candidate
63,省市自治区政采、公共资源平台,湖北省,湖北政府采购网,https://www.ccgp-hubei.gov.cn/,https://www.ccgp-hubei.gov.cn/,www.ccgp-hubei.gov.cn,www.ccgp-hubei.gov.cn,地方省市,政府采购,keep,符合公共资源/政府采购/央采主站点特征，可作为补充候选,1,1,1,main_site_candidate,soft_match,1,52,湖北省政府购买服务信息平台,http://www.ccgp-hubei.gov.cn,http://www.ccgp-hubei.gov.cn,地方省市,政府采购,B-现有库归并,merge_soft_match
64,省市自治区政采、公共资源平台,湖北省,湖北省政府采购网上商城,https://wssc.hubeigp.gov.cn/,https://wssc.hubeigp.gov.cn/,wssc.hubeigp.gov.cn,wssc.hubeigp.gov.cn,地方省市,商城卖场,exclude,疑似登录页、审批/商城/超市类入口，不适合作为主站点库导入,1,1,1,exclude_noise,no_match,0,,,,,,,E-排除,exclude
65,省市自治区政采、公共资源平台,湖南省,湖南省公共资源交易服务平台,https://www.hnsggzy.com/,https://www.hnsggzy.com/,www.hnsggzy.com,www.hnsggzy.com,地方省市,公共资源交易,keep,符合公共资源/政府采购/央采主站点特征，可作为补充候选,1,1,1,main_site_candidate,soft_match,1,54,湖南省公共资源交易平台,https://www.hnsggzy.com,https://www.hnsggzy.com,地方省市,公共资源交易,B-现有库归并,merge_soft_match
66,省市自治区政采、公共资源平台,湖南省,湖南政府采购网,http://www.ccgp-hunan.gov.cn/,http://www.ccgp-hunan.gov.cn/,www.ccgp-hunan.gov.cn,www.ccgp-hunan.gov.cn,地方省市,政府采购,keep,符合公共资源/政府采购/央采主站点特征，可作为补充候选,1,1,1,main_site_candidate,soft_match,1,53,中国湖南政府采购网,http://www.ccgp-hunan.gov.cn,http://www.ccgp-hunan.gov.cn,地方省市,政府采购,B-现有库归并,merge_soft_match
67,省市自治区政采、公共资源平台,湖南省,湖南乐采云电子卖场,https://hnlcy.zcygov.cn/,https://hnlcy.zcygov.cn/,hnlcy.zcygov.cn,hnlcy.zcygov.cn,地方省市,商城卖场,exclude,疑似登录页、审批/商城/超市类入口，不适合作为主站点库导入,1,1,1,exclude_noise,no_match,0,,,,,,,E-排除,exclude
68,省市自治区政采、公共资源平台,广东省,广东公共资源交易服务平台,https://ygp.gdzwfw.gov.cn/,https://ygp.gdzwfw.gov.cn/,ygp.gdzwfw.gov.cn,ygp.gdzwfw.gov.cn,地方省市,公共资源交易,keep,符合公共资源/政府采购/央采主站点特征，可作为补充候选,1,1,1,main_site_candidate,no_match,0,,,,,,,A-直接补充主站,add_candidate
69,省市自治区政采、公共资源平台,广东省,广东政府采购网,https://gdgpo.czt.gd.gov.cn/,https://gdgpo.czt.gd.gov.cn/,gdgpo.czt.gd.gov.cn,gdgpo.czt.gd.gov.cn,地方省市,政府采购,keep,符合公共资源/政府采购/央采主站点特征，可作为补充候选,1,1,1,main_site_candidate,soft_match,1,32,广东省政府采购网,https://gdgpo.czt.gd.gov.cn,https://gdgpo.czt.gd.gov.cn,地方省市,政府采购,B-现有库归并,merge_soft_match
70,省市自治区政采、公共资源平台,广东省,广东政府采购电子卖场,https://gdgpo.czt.gd.gov.cn/gpmall-main-web/index?regionguid=2137001,https://gdgpo.czt.gd.gov.cn/gpmall-main-web/index?regionguid=2137001,gdgpo.czt.gd.gov.cn/gpmall-main-web/index?regionguid=2137001,gdgpo.czt.gd.gov.cn/gpmall-main-web/index,地方省市,商城卖场,exclude,疑似登录页、审批/商城/超市类入口，不适合作为主站点库导入,1,1,1,exclude_noise,no_match,0,,,,,,,E-排除,exclude
71,省市自治区政采、公共资源平台,海南省,海南公共资源交易服务平台,https://ggzy.hainan.gov.cn/,https://ggzy.hainan.gov.cn/,ggzy.hainan.gov.cn,ggzy.hainan.gov.cn,地方省市,公共资源交易,keep,符合公共资源/政府采购/央采主站点特征，可作为补充候选,1,1,1,main_site_candidate,soft_match,1,50,海南省公共资源交易服务平台,http://ggzy.hainan.gov.cn,http://ggzy.hainan.gov.cn,地方省市,公共资源交易,B-现有库归并,merge_soft_match
72,省市自治区政采、公共资源平台,海南省,海南省政府采购网上商城,https://ggzy.hainan.gov.cn/wssc/,https://ggzy.hainan.gov.cn/wssc/,ggzy.hainan.gov.cn/wssc,ggzy.hainan.gov.cn/wssc,地方省市,商城卖场,exclude,疑似登录页、审批/商城/超市类入口，不适合作为主站点库导入,1,1,1,exclude_noise,no_match,0,,,,,,,E-排除,exclude
73,省市自治区政采、公共资源平台,海南省,海南政府采购网,https://ccgp-hainan.gov.cn/,https://ccgp-hainan.gov.cn/,ccgp-hainan.gov.cn,ccgp-hainan.gov.cn,地方省市,政府采购,keep,符合公共资源/政府采购/央采主站点特征，可作为补充候选,1,1,1,main_site_candidate,no_match,0,,,,,,,A-直接补充主站,add_candidate
74,省市自治区政采、公共资源平台,重庆市,重庆公共资源交易服务平台,https://www.cqggzy.com/,https://www.cqggzy.com/,www.cqggzy.com,www.cqggzy.com,地方省市,公共资源交易,keep,符合公共资源/政府采购/央采主站点特征，可作为补充候选,1,1,1,main_site_candidate,soft_match,1,67,重庆市公共资源交易网,https://www.cqggzy.com,https://www.cqggzy.com,地方省市,公共资源交易,B-现有库归并,merge_soft_match
75,省市自治区政采、公共资源平台,重庆市,重庆市网上中介服务超市,https://zjcs.cqggzy.com/cq-zjcs-pub/home,https://zjcs.cqggzy.com/cq-zjcs-pub/home,zjcs.cqggzy.com/cq-zjcs-pub/home,zjcs.cqggzy.com/cq-zjcs-pub/home,地方省市,商城卖场,exclude,疑似登录页、审批/商城/超市类入口，不适合作为主站点库导入,1,1,1,exclude_noise,no_match,0,,,,,,,E-排除,exclude
76,省市自治区政采、公共资源平台,重庆市,重庆市政府采购网,https://www.ccgp-chongqing.gov.cn/,https://www.ccgp-chongqing.gov.cn/,www.ccgp-chongqing.gov.cn,www.ccgp-chongqing.gov.cn,地方省市,政府采购,keep,符合公共资源/政府采购/央采主站点特征，可作为补充候选,1,1,1,main_site_candidate,soft_match,1,68,重庆市政府采购网,https://www.ccgp-chongqing.gov.cn,https://www.ccgp-chongqing.gov.cn,地方省市,政府采购,B-现有库归并,merge_soft_match
77,省市自治区政采、公共资源平台,四川省,四川公共资源交易服务平台,https://ggzyjy.sc.gov.cn/,https://ggzyjy.sc.gov.cn/,ggzyjy.sc.gov.cn,ggzyjy.sc.gov.cn,地方省市,公共资源交易,keep,符合公共资源/政府采购/央采主站点特征，可作为补充候选,1,1,1,main_site_candidate,no_match,0,,,,,,,A-直接补充主站,add_candidate
78,省市自治区政采、公共资源平台,四川省,四川政府采购网,https://www.ccgp-sichuan.gov.cn/,https://www.ccgp-sichuan.gov.cn/,www.ccgp-sichuan.gov.cn,www.ccgp-sichuan.gov.cn,地方省市,政府采购,keep,符合公共资源/政府采购/央采主站点特征，可作为补充候选,1,1,1,main_site_candidate,soft_match,1,20,四川政府采购,http://www.ccgp-sichuan.gov.cn,http://www.ccgp-sichuan.gov.cn,地方省市,政府采购,B-现有库归并,merge_soft_match
79,省市自治区政采、公共资源平台,贵州省,贵州公共资源交易服务平台,https://ggzy.guizhou.gov.cn/,https://ggzy.guizhou.gov.cn/,ggzy.guizhou.gov.cn,ggzy.guizhou.gov.cn,地方省市,公共资源交易,keep,符合公共资源/政府采购/央采主站点特征，可作为补充候选,1,1,1,main_site_candidate,soft_match,1,61,贵州省公共资源交易公共服务平台,http://ggzy.guizhou.gov.cn,http://ggzy.guizhou.gov.cn,地方省市,公共资源交易,B-现有库归并,merge_soft_match
80,省市自治区政采、公共资源平台,贵州省,贵州政府采购网,http://www.ccgp-guizhou.gov.cn/,http://www.ccgp-guizhou.gov.cn/,www.ccgp-guizhou.gov.cn,www.ccgp-guizhou.gov.cn,地方省市,政府采购,keep,符合公共资源/政府采购/央采主站点特征，可作为补充候选,1,1,1,main_site_candidate,no_match,0,,,,,,,A-直接补充主站,add_candidate
81,省市自治区政采、公共资源平台,贵州省,贵州政府采购电子卖场,https://www.guizhou.zcygov.cn/,https://www.guizhou.zcygov.cn/,www.guizhou.zcygov.cn,www.guizhou.zcygov.cn,地方省市,商城卖场,exclude,疑似登录页、审批/商城/超市类入口，不适合作为主站点库导入,1,1,1,exclude_noise,no_match,0,,,,,,,E-排除,exclude
82,省市自治区政采、公共资源平台,云南省,云南公共资源交易服务平台,https://ggzy.yn.gov.cn/homePage,https://ggzy.yn.gov.cn/homePage,ggzy.yn.gov.cn/homepage,ggzy.yn.gov.cn/homePage,地方省市,公共资源交易,keep,符合公共资源/政府采购/央采主站点特征，可作为补充候选,1,1,1,main_site_candidate,no_match,0,,,,,,,A-直接补充主站,add_candidate
83,省市自治区政采、公共资源平台,云南省,云南政府采购网,http://www.yngp.com/,http://www.yngp.com/,www.yngp.com,www.yngp.com,地方省市,政府采购,keep,符合公共资源/政府采购/央采主站点特征，可作为补充候选,1,1,1,main_site_candidate,no_match,0,,,,,,,A-直接补充主站,add_candidate
84,省市自治区政采、公共资源平台,云南省,云南政府采购云平台,https://www.zcygov.cn/,https://www.zcygov.cn/,www.zcygov.cn,www.zcygov.cn,地方省市,政府采购,review,云平台类入口需判断是否为主站、聚合页或交易入口,7,1,7,cloud_platform_variant,no_match,0,,,,,,,C-企业招投标与云平台审查,manual_review_high
85,省市自治区政采、公共资源平台,陕西省,陕西公共资源交易中心,https://www.sxggzyjy.cn/,https://www.sxggzyjy.cn/,www.sxggzyjy.cn,www.sxggzyjy.cn,地方省市,公共资源交易,keep,符合公共资源/政府采购/央采主站点特征，可作为补充候选,1,1,1,main_site_candidate,soft_match,1,70,陕西省公共资源交易中心,http://www.sxggzyjy.cn,http://www.sxggzyjy.cn,地方省市,公共资源交易,B-现有库归并,merge_soft_match
86,省市自治区政采、公共资源平台,陕西省,陕西省政府采购网,http://www.ccgp-shaanxi.gov.cn/cms-sx/site/shanxi/index.html,http://www.ccgp-shaanxi.gov.cn/cms-sx/site/shanxi/index.html,www.ccgp-shaanxi.gov.cn/cms-sx/site/shanxi/index.html,www.ccgp-shaanxi.gov.cn/cms-sx/site/shanxi/index.html,地方省市,政府采购,keep,符合公共资源/政府采购/央采主站点特征，可作为补充候选,1,1,1,main_site_candidate,no_match,0,,,,,,,A-直接补充主站,add_candidate
87,省市自治区政采、公共资源平台,陕西省,陕西省政府采购电子卖场,https://www.ccgp-shaanxi.gov.cn/gpmall-main-web/index?result=result,https://www.ccgp-shaanxi.gov.cn/gpmall-main-web/index?result=result,www.ccgp-shaanxi.gov.cn/gpmall-main-web/index?result=result,www.ccgp-shaanxi.gov.cn/gpmall-main-web/index,地方省市,商城卖场,exclude,疑似登录页、审批/商城/超市类入口，不适合作为主站点库导入,1,1,1,exclude_noise,no_match,0,,,,,,,E-排除,exclude
88,省市自治区政采、公共资源平台,甘肃省,甘肃省公共资源交易中心,https://ggzyjy.gansu.gov.cn/,https://ggzyjy.gansu.gov.cn/,ggzyjy.gansu.gov.cn,ggzyjy.gansu.gov.cn,地方省市,公共资源交易,keep,符合公共资源/政府采购/央采主站点特征，可作为补充候选,1,1,1,main_site_candidate,soft_match,1,56,甘肃省公共资源交易网,http://ggzyjy.gansu.gov.cn,http://ggzyjy.gansu.gov.cn,地方省市,公共资源交易,B-现有库归并,merge_soft_match
89,省市自治区政采、公共资源平台,甘肃省,甘肃政府采购网,https://www.ccgp-gansu.gov.cn/,https://www.ccgp-gansu.gov.cn/,www.ccgp-gansu.gov.cn,www.ccgp-gansu.gov.cn,地方省市,政府采购,keep,符合公共资源/政府采购/央采主站点特征，可作为补充候选,1,1,1,main_site_candidate,soft_match,1,55,甘肃政府采购网,http://www.ccgp-gansu.gov.cn,http://www.ccgp-gansu.gov.cn,地方省市,政府采购,B-现有库归并,merge_soft_match
90,省市自治区政采、公共资源平台,甘肃省,甘肃政府采购网上商城,https://gcycloud.cn/gpmall-main-web/index,https://gcycloud.cn/gpmall-main-web/index,gcycloud.cn/gpmall-main-web/index,gcycloud.cn/gpmall-main-web/index,地方省市,商城卖场,exclude,疑似登录页、审批/商城/超市类入口，不适合作为主站点库导入,2,1,2,exclude_noise,no_match,0,,,,,,,E-排除,exclude
91,省市自治区政采、公共资源平台,青海省,青海公共资源交易网,http://www.qhggzyjy.gov.cn/ggzy/,http://www.qhggzyjy.gov.cn/ggzy/,www.qhggzyjy.gov.cn/ggzy,www.qhggzyjy.gov.cn/ggzy,地方省市,公共资源交易,keep,符合公共资源/政府采购/央采主站点特征，可作为补充候选,1,1,1,main_site_candidate,no_match,0,,,,,,,A-直接补充主站,add_candidate
92,省市自治区政采、公共资源平台,青海省,青海政府采购网,http://www.ccgp-qinghai.gov.cn/,http://www.ccgp-qinghai.gov.cn/,www.ccgp-qinghai.gov.cn,www.ccgp-qinghai.gov.cn,地方省市,政府采购,keep,符合公共资源/政府采购/央采主站点特征，可作为补充候选,1,1,1,main_site_candidate,soft_match,1,72,青海省政府采购网,http://www.ccgp-qinghai.gov.cn,http://www.ccgp-qinghai.gov.cn,地方省市,政府采购,B-现有库归并,merge_soft_match
93,省市自治区政采、公共资源平台,青海省,青海政采云,https://www.zcygov.cn/,https://www.zcygov.cn/,www.zcygov.cn,www.zcygov.cn,地方省市,待判定,keep,符合公共资源/政府采购/央采主站点特征，可作为补充候选,7,1,7,cloud_platform_variant,no_match,0,,,,,,,C-企业招投标与云平台审查,manual_review_high
94,省市自治区政采、公共资源平台,西藏自治区,西藏公共资源交易服务平台,https://ggzy.xizang.gov.cn/,https://ggzy.xizang.gov.cn/,ggzy.xizang.gov.cn,ggzy.xizang.gov.cn,地方省市,公共资源交易,keep,符合公共资源/政府采购/央采主站点特征，可作为补充候选,1,1,1,main_site_candidate,no_match,0,,,,,,,A-直接补充主站,add_candidate
95,省市自治区政采、公共资源平台,西藏自治区,西藏政府采购网,http://www.ccgp-xizang.gov.cn/,http://www.ccgp-xizang.gov.cn/,www.ccgp-xizang.gov.cn,www.ccgp-xizang.gov.cn,地方省市,政府采购,keep,符合公共资源/政府采购/央采主站点特征，可作为补充候选,1,1,1,main_site_candidate,soft_match,1,60,西藏自治区政府采购网,http://www.ccgp-xizang.gov.cn,http://www.ccgp-xizang.gov.cn,地方省市,政府采购,B-现有库归并,merge_soft_match
96,省市自治区政采、公共资源平台,西藏自治区,西藏自治区政府采购网上商城,http://218.206.180.154:8083/gpmall-main-web/index,http://218.206.180.154:8083/gpmall-main-web/index,218.206.180.154:8083/gpmall-main-web/index,218.206.180.154:8083/gpmall-main-web/index,地方省市,商城卖场,exclude,疑似登录页、审批/商城/超市类入口，不适合作为主站点库导入,1,1,1,exclude_noise,no_match,0,,,,,,,E-排除,exclude
97,省市自治区政采、公共资源平台,内蒙古自治区,内蒙古公共资源交易网,https://ggzyjy.nmg.gov.cn/,https://ggzyjy.nmg.gov.cn/,ggzyjy.nmg.gov.cn,ggzyjy.nmg.gov.cn,地方省市,公共资源交易,keep,符合公共资源/政府采购/央采主站点特征，可作为补充候选,1,1,1,main_site_candidate,no_match,0,,,,,,,A-直接补充主站,add_candidate
98,省市自治区政采、公共资源平台,内蒙古自治区,内蒙古自治区政府采购网,https://www.ccgp-neimenggu.gov.cn/,https://www.ccgp-neimenggu.gov.cn/,www.ccgp-neimenggu.gov.cn,www.ccgp-neimenggu.gov.cn,地方省市,政府采购,keep,符合公共资源/政府采购/央采主站点特征，可作为补充候选,2,1,2,main_site_candidate,soft_match,1,14,内蒙古自治区政府采购网,http://www.ccgp-neimenggu.gov.cn,http://www.ccgp-neimenggu.gov.cn,地方省市,政府采购,B-现有库归并,merge_soft_match
99,省市自治区政采、公共资源平台,内蒙古自治区,内蒙古政府采购电子卖场,https://www.ccgp-neimenggu.gov.cn/,https://www.ccgp-neimenggu.gov.cn/,www.ccgp-neimenggu.gov.cn,www.ccgp-neimenggu.gov.cn,地方省市,商城卖场,exclude,疑似登录页、审批/商城/超市类入口，不适合作为主站点库导入,2,1,2,exclude_noise,soft_match,1,14,内蒙古自治区政府采购网,http://www.ccgp-neimenggu.gov.cn,http://www.ccgp-neimenggu.gov.cn,地方省市,政府采购,E-排除,exclude
100,省市自治区政采、公共资源平台,广西壮族自治区,广西公共资源交易服务平台,http://ggzy.jgswj.gxzf.gov.cn/gxggzy/,http://ggzy.jgswj.gxzf.gov.cn/gxggzy/,ggzy.jgswj.gxzf.gov.cn/gxggzy,ggzy.jgswj.gxzf.gov.cn/gxggzy,地方省市,公共资源交易,keep,符合公共资源/政府采购/央采主站点特征，可作为补充候选,1,1,1,main_site_candidate,no_match,0,,,,,,,A-直接补充主站,add_candidate
101,省市自治区政采、公共资源平台,广西壮族自治区,广西政府采购网,http://zfcg.gxzf.gov.cn/,http://zfcg.gxzf.gov.cn/,zfcg.gxzf.gov.cn,zfcg.gxzf.gov.cn,地方省市,政府采购,keep,符合公共资源/政府采购/央采主站点特征，可作为补充候选,1,1,1,main_site_candidate,no_match,0,,,,,,,A-直接补充主站,add_candidate
102,省市自治区政采、公共资源平台,广西壮族自治区,广西政采云,https://www.gcy.zfcg.gxzf.gov.cn/,https://www.gcy.zfcg.gxzf.gov.cn/,www.gcy.zfcg.gxzf.gov.cn,www.gcy.zfcg.gxzf.gov.cn,地方省市,待判定,keep,符合公共资源/政府采购/央采主站点特征，可作为补充候选,1,1,1,cloud_platform_variant,no_match,0,,,,,,,C-企业招投标与云平台审查,manual_review_high
103,省市自治区政采、公共资源平台,宁夏回族自治区,宁夏公共资源交易网,https://ggzyjy.fzggw.nx.gov.cn/,https://ggzyjy.fzggw.nx.gov.cn/,ggzyjy.fzggw.nx.gov.cn,ggzyjy.fzggw.nx.gov.cn,地方省市,公共资源交易,keep,符合公共资源/政府采购/央采主站点特征，可作为补充候选,1,1,1,main_site_candidate,no_match,0,,,,,,,A-直接补充主站,add_candidate
104,省市自治区政采、公共资源平台,宁夏回族自治区,宁夏政府采购网,https://www.ccgp-ningxia.gov.cn/public/NXGPPNEW/dynamic/index.jsp?id=1,https://www.ccgp-ningxia.gov.cn/public/NXGPPNEW/dynamic/index.jsp?id=1,www.ccgp-ningxia.gov.cn/public/nxgppnew/dynamic/index.jsp?id=1,www.ccgp-ningxia.gov.cn/public/NXGPPNEW/dynamic/index.jsp,地方省市,政府采购,keep,符合公共资源/政府采购/央采主站点特征，可作为补充候选,1,1,1,main_site_candidate,no_match,0,,,,,,,A-直接补充主站,add_candidate
105,省市自治区政采、公共资源平台,宁夏回族自治区,宁夏政府采购网上商城,https://222.75.70.90:7075/NXGPPSP_MG/supermarket/Goods_jump2Index.do,https://222.75.70.90:7075/NXGPPSP_MG/supermarket/Goods_jump2Index.do,222.75.70.90:7075/nxgppsp_mg/supermarket/goods_jump2index.do,222.75.70.90:7075/NXGPPSP_MG/supermarket/Goods_jump2Index.do,地方省市,商城卖场,exclude,疑似登录页、审批/商城/超市类入口，不适合作为主站点库导入,1,1,1,exclude_noise,no_match,0,,,,,,,E-排除,exclude
106,省市自治区政采、公共资源平台,新疆维吾尔自治区,新疆公共资源交易网,https://ggzy.xinjiang.gov.cn/,https://ggzy.xinjiang.gov.cn/,ggzy.xinjiang.gov.cn,ggzy.xinjiang.gov.cn,地方省市,公共资源交易,keep,符合公共资源/政府采购/央采主站点特征，可作为补充候选,1,1,1,main_site_candidate,soft_match,1,37,新疆公共资源交易网,https://ggzy.xinjiang.gov.cn,https://ggzy.xinjiang.gov.cn,地方省市,公共资源交易,B-现有库归并,merge_soft_match
107,省市自治区政采、公共资源平台,新疆维吾尔自治区,新疆政府采购网,http://www.ccgp-xinjiang.gov.cn/,http://www.ccgp-xinjiang.gov.cn/,www.ccgp-xinjiang.gov.cn,www.ccgp-xinjiang.gov.cn,地方省市,政府采购,keep,符合公共资源/政府采购/央采主站点特征，可作为补充候选,1,1,1,main_site_candidate,soft_match,1,38,新疆政府采购网,http://www.ccgp-xinjiang.gov.cn,http://www.ccgp-xinjiang.gov.cn,地方省市,政府采购,B-现有库归并,merge_soft_match
108,省市自治区政采、公共资源平台,新疆维吾尔自治区,新疆政采云,https://www.zcygov.cn/,https://www.zcygov.cn/,www.zcygov.cn,www.zcygov.cn,地方省市,待判定,keep,符合公共资源/政府采购/央采主站点特征，可作为补充候选,7,1,7,cloud_platform_variant,no_match,0,,,,,,,C-企业招投标与云平台审查,manual_review_high
109,省市自治区政采、公共资源平台,新疆生产建设兵团,兵团公共资源交易平台,https://ggzy.xjbt.gov.cn/,https://ggzy.xjbt.gov.cn/,ggzy.xjbt.gov.cn,ggzy.xjbt.gov.cn,地方省市,公共资源交易,keep,符合公共资源/政府采购/央采主站点特征，可作为补充候选,1,1,1,main_site_candidate,soft_match,1,11,兵团公共资源交易平台,https://ggzy.xjbt.gov.cn,https://ggzy.xjbt.gov.cn,地方省市,公共资源交易,B-现有库归并,merge_soft_match
110,省市自治区政采、公共资源平台,新疆生产建设兵团,兵团政府采购网,http://ccgp-bingtuan.gov.cn/,http://ccgp-bingtuan.gov.cn/,ccgp-bingtuan.gov.cn,ccgp-bingtuan.gov.cn,地方省市,政府采购,keep,符合公共资源/政府采购/央采主站点特征，可作为补充候选,1,1,1,main_site_candidate,soft_match,1,12,兵团政府采购网,http://ccgp-bingtuan.gov.cn,http://ccgp-bingtuan.gov.cn,地方省市,政府采购,B-现有库归并,merge_soft_match
111,省市自治区政采、公共资源平台,新疆生产建设兵团,兵团政采云,https://www.zcygov.cn/,https://www.zcygov.cn/,www.zcygov.cn,www.zcygov.cn,地方省市,待判定,keep,符合公共资源/政府采购/央采主站点特征，可作为补充候选,7,1,7,cloud_platform_variant,no_match,0,,,,,,,C-企业招投标与云平台审查,manual_review_high
112,企业招标采购平台,,中核集团电子采购平台,https://www.cnncecp.com,https://www.cnncecp.com,www.cnncecp.com,www.cnncecp.com,行业垂直,企业采购平台,review,企业采购/电子商务平台需进一步判断是否属于有效招标信息源,1,2,2,enterprise_procurement_platform,no_match,0,,,,,,,D-企业采购与第三方待定,manual_review_medium
113,企业招标采购平台,,航天电子采购平台,https://www.ispacechina.com/,https://www.ispacechina.com/,www.ispacechina.com,www.ispacechina.com,行业垂直,企业采购平台,review,企业采购/电子商务平台需进一步判断是否属于有效招标信息源,1,2,2,enterprise_procurement_platform,no_match,0,,,,,,,D-企业采购与第三方待定,manual_review_medium
114,企业招标采购平台,,航空工业电子采购平台,https://www.eavic.com/rest/index,https://www.eavic.com/rest/index,www.eavic.com/rest/index,www.eavic.com/rest/index,行业垂直,企业采购平台,review,企业采购/电子商务平台需进一步判断是否属于有效招标信息源,1,1,1,enterprise_procurement_platform,no_match,0,,,,,,,D-企业采购与第三方待定,manual_review_medium
115,企业招标采购平台,,中国船舶采购管理电子商务平台,http://www.ebuycsemc.com,http://www.ebuycsemc.com,www.ebuycsemc.com,www.ebuycsemc.com,行业垂直,企业采购平台,review,企业采购/电子商务平台需进一步判断是否属于有效招标信息源,1,1,1,enterprise_procurement_platform,no_match,0,,,,,,,D-企业采购与第三方待定,manual_review_medium
116,企业招标采购平台,,兵器工业集团公司采购电子商务平台,https://www.norincogroup-ebuy.com/,https://www.norincogroup-ebuy.com/,www.norincogroup-ebuy.com,www.norincogroup-ebuy.com,行业垂直,企业采购平台,review,企业采购/电子商务平台需进一步判断是否属于有效招标信息源,1,1,1,enterprise_procurement_platform,no_match,0,,,,,,,D-企业采购与第三方待定,manual_review_medium
117,企业招标采购平台,,中国兵器装备集团招标投标交易平台,https://www.cse-bidding.com,https://www.cse-bidding.com,www.cse-bidding.com,www.cse-bidding.com,行业垂直,企业招投标,review,企业招投标平台相关，但需确认是否纳入当前主库口径,2,1,2,enterprise_bidding_platform,no_match,0,,,,,,,C-企业招投标与云平台审查,manual_review_high
118,企业招标采购平台,,中国电子科技集团有限公司电子采购平台,http://www.cetceg.com/,http://www.cetceg.com/,www.cetceg.com,www.cetceg.com,行业垂直,企业采购平台,review,企业采购/电子商务平台需进一步判断是否属于有效招标信息源,1,1,1,enterprise_procurement_platform,no_match,0,,,,,,,D-企业采购与第三方待定,manual_review_medium
119,企业招标采购平台,,中国航发网上商城,https://www.aecc-mall.com/,https://www.aecc-mall.com/,www.aecc-mall.com,www.aecc-mall.com,行业垂直,商城卖场,exclude,疑似登录页、审批/商城/超市类入口，不适合作为主站点库导入,1,1,1,exclude_noise,no_match,0,,,,,,,E-排除,exclude
120,企业招标采购平台,,中国融通电子商务平台,https://www.ronghw.cn/,https://www.ronghw.cn/,www.ronghw.cn,www.ronghw.cn,行业垂直,企业采购平台,review,企业采购/电子商务平台需进一步判断是否属于有效招标信息源,2,2,2,enterprise_procurement_platform,no_match,0,,,,,,,D-企业采购与第三方待定,manual_review_medium
121,企业招标采购平台,,中国石油招标投标网,https://www.cnpcbidding.com/,https://www.cnpcbidding.com/,www.cnpcbidding.com,www.cnpcbidding.com,行业垂直,企业招投标,review,企业招投标平台相关，但需确认是否纳入当前主库口径,1,1,1,enterprise_bidding_platform,no_match,0,,,,,,,C-企业招投标与云平台审查,manual_review_high
122,企业招标采购平台,,中国石化物资采购电子商务平台,https://ec.sinopec.com/,https://ec.sinopec.com/,ec.sinopec.com,ec.sinopec.com,行业垂直,企业采购平台,review,企业采购/电子商务平台需进一步判断是否属于有效招标信息源,1,1,1,enterprise_procurement_platform,no_match,0,,,,,,,D-企业采购与第三方待定,manual_review_medium
123,企业招标采购平台,,中国海洋石油集团采办业务管理与交易系统,https://buy.cnooc.com.cn/,https://buy.cnooc.com.cn/,buy.cnooc.com.cn,buy.cnooc.com.cn,行业垂直,企业平台待判定,review,企业采购/电子商务平台需进一步判断是否属于有效招标信息源,1,1,2,enterprise_bidding_platform,no_match,0,,,,,,,C-企业招投标与云平台审查,manual_review_high
124,企业招标采购平台,,国网电子商务平台,https://ecp.sgcc.com.cn/,https://ecp.sgcc.com.cn/,ecp.sgcc.com.cn,ecp.sgcc.com.cn,行业垂直,企业采购平台,review,企业采购/电子商务平台需进一步判断是否属于有效招标信息源,1,1,2,enterprise_procurement_platform,soft_match,1,86,国家电网电子商务平台,https://ecp.sgcc.com.cn,https://ecp.sgcc.com.cn,行业垂直,行业核心,B-现有库归并,merge_soft_match
125,企业招标采购平台,,中国南方电网供应链统一服务平台,http://www.bidding.csg.cn/,http://www.bidding.csg.cn/,www.bidding.csg.cn,www.bidding.csg.cn,行业垂直,企业平台待判定,review,企业采购/电子商务平台需进一步判断是否属于有效招标信息源,2,1,2,enterprise_procurement_platform,soft_match,1,85,南方电网供应链统一服务平台,https://www.bidding.csg.cn,https://www.bidding.csg.cn,行业垂直,行业核心,B-现有库归并,merge_soft_match
126,企业招标采购平台,,中国华能集团有限公司电子商务平台,https://ec.chng.com.cn/,https://ec.chng.com.cn/,ec.chng.com.cn,ec.chng.com.cn,行业垂直,企业采购平台,review,企业采购/电子商务平台需进一步判断是否属于有效招标信息源,1,1,1,enterprise_procurement_platform,no_match,0,,,,,,,D-企业采购与第三方待定,manual_review_medium
127,企业招标采购平台,,大唐集团电子商务平台,https://www.cdt-ec.com/,https://www.cdt-ec.com/,www.cdt-ec.com,www.cdt-ec.com,行业垂直,企业采购平台,review,企业采购/电子商务平台需进一步判断是否属于有效招标信息源,1,1,2,enterprise_procurement_platform,no_match,0,,,,,,,D-企业采购与第三方待定,manual_review_medium
128,企业招标采购平台,,中国华电集团电子商务平台,https://www.chdtp.com/,https://www.chdtp.com/,www.chdtp.com,www.chdtp.com,行业垂直,企业采购平台,review,企业采购/电子商务平台需进一步判断是否属于有效招标信息源,1,2,1,enterprise_procurement_platform,no_match,0,,,,,,,D-企业采购与第三方待定,manual_review_medium
129,企业招标采购平台,,国家电投电子商务平台,https://www.espic.com.cn/,https://www.espic.com.cn/,www.espic.com.cn,www.espic.com.cn,行业垂直,企业采购平台,review,企业采购/电子商务平台需进一步判断是否属于有效招标信息源,1,1,1,enterprise_procurement_platform,no_match,0,,,,,,,D-企业采购与第三方待定,manual_review_medium
130,企业招标采购平台,,中国三峡电子采购平台,https://eps.ctg.com.cn/,https://eps.ctg.com.cn/,eps.ctg.com.cn,eps.ctg.com.cn,行业垂直,企业采购平台,review,企业采购/电子商务平台需进一步判断是否属于有效招标信息源,1,1,1,enterprise_procurement_platform,no_match,0,,,,,,,D-企业采购与第三方待定,manual_review_medium
131,企业招标采购平台,,国网 e 商,https://www.e-ceic.com/,https://www.e-ceic.com/,www.e-ceic.com,www.e-ceic.com,行业垂直,企业平台待判定,review,企业采购/电子商务平台需进一步判断是否属于有效招标信息源,1,1,1,enterprise_other_platform,no_match,0,,,,,,,D-企业采购与第三方待定,manual_review
132,企业招标采购平台,,中国电信阳光采购网,https://caigou.chinatelecom.com.cn/ctsc-portal/ctscPortal,https://caigou.chinatelecom.com.cn/ctsc-portal/ctscPortal,caigou.chinatelecom.com.cn/ctsc-portal/ctscportal,caigou.chinatelecom.com.cn/ctsc-portal/ctscPortal,行业垂直,企业采购平台,review,企业采购/电子商务平台需进一步判断是否属于有效招标信息源,1,1,1,enterprise_procurement_platform,no_match,0,,,,,,,D-企业采购与第三方待定,manual_review_medium
133,企业招标采购平台,,中国联通采购与招标网,http://www.chinaunicombidding.cn/,http://www.chinaunicombidding.cn/,www.chinaunicombidding.cn,www.chinaunicombidding.cn,行业垂直,企业招投标,review,企业招投标平台相关，但需确认是否纳入当前主库口径,1,1,1,enterprise_bidding_platform,no_match,0,,,,,,,C-企业招投标与云平台审查,manual_review_high
134,企业招标采购平台,,中国移动采购与招标网,https://b2b.10086.cn/,https://b2b.10086.cn/,b2b.10086.cn,b2b.10086.cn,行业垂直,企业招投标,review,企业招投标平台相关，但需确认是否纳入当前主库口径,1,1,2,enterprise_bidding_platform,soft_match,1,80,中国移动采购与招标网,https://b2b.10086.cn,https://b2b.10086.cn,行业垂直,行业核心,B-现有库归并,merge_soft_match
135,企业招标采购平台,,CEC 电子采购平台,http://www.cec-ec.com.cn,http://www.cec-ec.com.cn,www.cec-ec.com.cn,www.cec-ec.com.cn,行业垂直,企业采购平台,review,企业采购/电子商务平台需进一步判断是否属于有效招标信息源,1,1,1,enterprise_procurement_platform,no_match,0,,,,,,,D-企业采购与第三方待定,manual_review_medium
136,企业招标采购平台,,中国一汽电子招标采购电子交易平台,https://etp.faw.cn/,https://etp.faw.cn/,etp.faw.cn,etp.faw.cn,行业垂直,企业招投标,review,企业招投标平台相关，但需确认是否纳入当前主库口径,2,1,2,enterprise_bidding_platform,no_match,0,,,,,,,C-企业招投标与云平台审查,manual_review_high
137,企业招标采购平台,,东风电子采购平台,https://www.dfmjyzx.com/,https://www.dfmjyzx.com/,www.dfmjyzx.com,www.dfmjyzx.com,行业垂直,企业采购平台,review,企业采购/电子商务平台需进一步判断是否属于有效招标信息源,1,1,1,enterprise_procurement_platform,no_match,0,,,,,,,D-企业采购与第三方待定,manual_review_medium
138,企业招标采购平台,,中国一重集中采购平台,http://jzcg.cfhi.com/,http://jzcg.cfhi.com/,jzcg.cfhi.com,jzcg.cfhi.com,行业垂直,企业采购平台,review,企业采购/电子商务平台需进一步判断是否属于有效招标信息源,1,1,1,enterprise_procurement_platform,no_match,0,,,,,,,D-企业采购与第三方待定,manual_review_medium
139,企业招标采购平台,,国机集团电子采购平台,https://epp.sinomach.com.cn/,https://epp.sinomach.com.cn/,epp.sinomach.com.cn,epp.sinomach.com.cn,行业垂直,企业采购平台,review,企业采购/电子商务平台需进一步判断是否属于有效招标信息源,1,1,1,enterprise_procurement_platform,no_match,0,,,,,,,D-企业采购与第三方待定,manual_review_medium
140,企业招标采购平台,,哈尔滨电气集团电子商务平台,https://scm.harbin-electric.com/,https://scm.harbin-electric.com/,scm.harbin-electric.com,scm.harbin-electric.com,行业垂直,企业采购平台,review,企业采购/电子商务平台需进一步判断是否属于有效招标信息源,1,1,2,enterprise_procurement_platform,no_match,0,,,,,,,D-企业采购与第三方待定,manual_review_medium
141,企业招标采购平台,,东方电气集中采购管理平台,https://nsrm.dongfang.com/,https://nsrm.dongfang.com/,nsrm.dongfang.com,nsrm.dongfang.com,行业垂直,企业采购平台,review,企业采购/电子商务平台需进一步判断是否属于有效招标信息源,1,1,1,enterprise_procurement_platform,no_match,0,,,,,,,D-企业采购与第三方待定,manual_review_medium
142,企业招标采购平台,,鞍钢集团电子招投标交易平台,https://bid.ansteelscm.com,https://bid.ansteelscm.com,bid.ansteelscm.com,bid.ansteelscm.com,行业垂直,企业招投标,review,企业招投标平台相关，但需确认是否纳入当前主库口径,1,2,1,enterprise_bidding_platform,no_match,0,,,,,,,C-企业招投标与云平台审查,manual_review_high
143,企业招标采购平台,,鞍钢智慧招投标平台,https://bid.ansteel.cn/,https://bid.ansteel.cn/,bid.ansteel.cn,bid.ansteel.cn,行业垂直,企业招投标,review,企业招投标平台相关，但需确认是否纳入当前主库口径,1,1,2,enterprise_bidding_platform,no_match,0,,,,,,,C-企业招投标与云平台审查,manual_review_high
144,企业招标采购平台,,欧贝,https://www.obei.com.cn/,https://www.obei.com.cn/,www.obei.com.cn,www.obei.com.cn,行业垂直,企业平台待判定,review,企业采购/电子商务平台需进一步判断是否属于有效招标信息源,1,1,1,enterprise_other_platform,no_match,0,,,,,,,D-企业采购与第三方待定,manual_review
145,企业招标采购平台,,中铝集团电子招投标平台,https://eb.chinalco.com.cn/,https://eb.chinalco.com.cn/,eb.chinalco.com.cn,eb.chinalco.com.cn,行业垂直,企业招投标,review,企业招投标平台相关，但需确认是否纳入当前主库口径,1,2,2,enterprise_bidding_platform,no_match,0,,,,,,,C-企业招投标与云平台审查,manual_review_high
146,企业招标采购平台,,海洋服务中心,https://gs.coscoshipping.com/,https://gs.coscoshipping.com/,gs.coscoshipping.com,gs.coscoshipping.com,行业垂直,企业平台待判定,review,企业采购/电子商务平台需进一步判断是否属于有效招标信息源,1,1,1,enterprise_other_platform,no_match,0,,,,,,,D-企业采购与第三方待定,manual_review
147,企业招标采购平台,,中国航空集团有限公司采购管理平台,https://pur.airchina.com.cn/,https://pur.airchina.com.cn/,pur.airchina.com.cn,pur.airchina.com.cn,行业垂直,企业采购平台,review,企业采购/电子商务平台需进一步判断是否属于有效招标信息源,1,1,1,enterprise_procurement_platform,no_match,0,,,,,,,D-企业采购与第三方待定,manual_review_medium
148,企业招标采购平台,,东航集中采购平台,https://caigou.ceair.com/,https://caigou.ceair.com/,caigou.ceair.com,caigou.ceair.com,行业垂直,企业采购平台,review,企业采购/电子商务平台需进一步判断是否属于有效招标信息源,1,1,1,enterprise_procurement_platform,no_match,0,,,,,,,D-企业采购与第三方待定,manual_review_medium
149,企业招标采购平台,,南航电子采购平台,https://csbidding.csair.cn/,https://csbidding.csair.cn/,csbidding.csair.cn,csbidding.csair.cn,行业垂直,企业采购平台,review,企业采购/电子商务平台需进一步判断是否属于有效招标信息源,1,1,1,enterprise_procurement_platform,no_match,0,,,,,,,D-企业采购与第三方待定,manual_review_medium
150,企业招标采购平台,,中化电子招投标平台,http://e.sinochemitc.com/,http://e.sinochemitc.com/,e.sinochemitc.com,e.sinochemitc.com,行业垂直,企业招投标,review,企业招投标平台相关，但需确认是否纳入当前主库口径,1,1,2,enterprise_bidding_platform,no_match,0,,,,,,,C-企业招投标与云平台审查,manual_review_high
151,企业招标采购平台,,中国五矿集团采购电子商务平台,https://ec.minmetals.com.cn/,https://ec.minmetals.com.cn/,ec.minmetals.com.cn,ec.minmetals.com.cn,行业垂直,企业采购平台,review,企业采购/电子商务平台需进一步判断是否属于有效招标信息源,1,1,1,enterprise_procurement_platform,no_match,0,,,,,,,D-企业采购与第三方待定,manual_review_medium
152,企业招标采购平台,,通用技术中心采购平台,https://cg.gt.cn/,https://cg.gt.cn/,cg.gt.cn,cg.gt.cn,行业垂直,企业采购平台,review,企业采购/电子商务平台需进一步判断是否属于有效招标信息源,1,1,1,enterprise_procurement_platform,no_match,0,,,,,,,D-企业采购与第三方待定,manual_review_medium
153,企业招标采购平台,,云筑网,https://www.yzw.cn/,https://www.yzw.cn/,www.yzw.cn,www.yzw.cn,行业垂直,企业平台待判定,review,企业采购/电子商务平台需进一步判断是否属于有效招标信息源,1,1,1,enterprise_other_platform,soft_match,1,84,云筑网（中建）,https://www.yzw.cn,https://www.yzw.cn,行业垂直,行业核心,B-现有库归并,merge_soft_match
154,企业招标采购平台,,中储粮服务网,https://fwgs.sinograin.com.cn/,https://fwgs.sinograin.com.cn/,fwgs.sinograin.com.cn,fwgs.sinograin.com.cn,行业垂直,企业平台待判定,review,企业采购/电子商务平台需进一步判断是否属于有效招标信息源,1,1,1,enterprise_other_platform,no_match,0,,,,,,,D-企业采购与第三方待定,manual_review
155,企业招标采购平台,,中储粮电子交易平台,https://www.esinograin.com/,https://www.esinograin.com/,www.esinograin.com,www.esinograin.com,行业垂直,企业平台待判定,review,企业采购/电子商务平台需进一步判断是否属于有效招标信息源,1,1,1,enterprise_bidding_platform,no_match,0,,,,,,,C-企业招投标与云平台审查,manual_review_high
156,企业招标采购平台,,国投集团电子采购平台,https://www.sdicc.com.cn/,https://www.sdicc.com.cn/,www.sdicc.com.cn,www.sdicc.com.cn,行业垂直,企业采购平台,review,企业采购/电子商务平台需进一步判断是否属于有效招标信息源,1,1,1,enterprise_procurement_platform,no_match,0,,,,,,,D-企业采购与第三方待定,manual_review_medium
157,企业招标采购平台,,招商局集团电子招标采购交易平台,https://dzzb.ciesco.com.cn/,https://dzzb.ciesco.com.cn/,dzzb.ciesco.com.cn,dzzb.ciesco.com.cn,行业垂直,企业招投标,review,企业招投标平台相关，但需确认是否纳入当前主库口径,2,2,2,enterprise_bidding_platform,no_match,0,,,,,,,C-企业招投标与云平台审查,manual_review_high
158,企业招标采购平台,,华润集团守正电子招标平台,https://szecp.crc.com.cn/,https://szecp.crc.com.cn/,szecp.crc.com.cn,szecp.crc.com.cn,行业垂直,企业招投标,review,企业招投标平台相关，但需确认是否纳入当前主库口径,1,2,2,enterprise_bidding_platform,no_match,0,,,,,,,C-企业招投标与云平台审查,manual_review_high
159,企业招标采购平台,,中国节能电子采购平台,https://www.ebidding.cecep.cn/,https://www.ebidding.cecep.cn/,www.ebidding.cecep.cn,www.ebidding.cecep.cn,行业垂直,企业采购平台,review,企业采购/电子商务平台需进一步判断是否属于有效招标信息源,1,1,1,enterprise_procurement_platform,no_match,0,,,,,,,D-企业采购与第三方待定,manual_review_medium
160,企业招标采购平台,,中煤集团采购一体化平台,https://ego.chinacoal.com/,https://ego.chinacoal.com/,ego.chinacoal.com,ego.chinacoal.com,行业垂直,企业平台待判定,review,企业采购/电子商务平台需进一步判断是否属于有效招标信息源,1,1,1,enterprise_procurement_platform,no_match,0,,,,,,,D-企业采购与第三方待定,manual_review_medium
161,企业招标采购平台,,中国煤科电子采购平台,http://cg.ccteg.cn/,http://cg.ccteg.cn/,cg.ccteg.cn,cg.ccteg.cn,行业垂直,企业采购平台,review,企业采购/电子商务平台需进一步判断是否属于有效招标信息源,1,1,1,enterprise_procurement_platform,no_match,0,,,,,,,D-企业采购与第三方待定,manual_review_medium
162,企业招标采购平台,,中国国电集团电子招投标系统,http://www.cgdcbidding.com/,http://www.cgdcbidding.com/,www.cgdcbidding.com,www.cgdcbidding.com,行业垂直,企业招投标,review,企业招投标平台相关，但需确认是否纳入当前主库口径,1,1,1,enterprise_bidding_platform,no_match,0,,,,,,,C-企业招投标与云平台审查,manual_review_high
163,企业招标采购平台,,航天电子采购平台,http://www.ispacechina.com,http://www.ispacechina.com,www.ispacechina.com,www.ispacechina.com,行业垂直,企业采购平台,review,企业采购/电子商务平台需进一步判断是否属于有效招标信息源,1,2,2,enterprise_procurement_platform,no_match,0,,,,,,,D-企业采购与第三方待定,manual_review_medium
164,企业招标采购平台,,首创股份电子商务平台,http://ecp.capitalwater.cn/,http://ecp.capitalwater.cn/,ecp.capitalwater.cn,ecp.capitalwater.cn,行业垂直,企业采购平台,review,企业采购/电子商务平台需进一步判断是否属于有效招标信息源,1,1,1,enterprise_procurement_platform,no_match,0,,,,,,,D-企业采购与第三方待定,manual_review_medium
165,企业招标采购平台,,中国长江三峡集团公司电子采购平台,http://epp.ctg.com.cn/,http://epp.ctg.com.cn/,epp.ctg.com.cn,epp.ctg.com.cn,行业垂直,企业采购平台,review,企业采购/电子商务平台需进一步判断是否属于有效招标信息源,1,1,1,enterprise_procurement_platform,no_match,0,,,,,,,D-企业采购与第三方待定,manual_review_medium
166,企业招标采购平台,,国铁采购平台,https://cg.95306.cn/,https://cg.95306.cn/,cg.95306.cn,cg.95306.cn,行业垂直,企业采购平台,review,企业采购/电子商务平台需进一步判断是否属于有效招标信息源,1,1,1,enterprise_procurement_platform,no_match,0,,,,,,,D-企业采购与第三方待定,manual_review_medium
167,企业招标采购平台,,中国联通电子招标投标交易平台,http://111.198.162.67/zglt/index,http://111.198.162.67/zglt/index,111.198.162.67/zglt/index,111.198.162.67/zglt/index,行业垂直,企业招投标,review,企业招投标平台相关，但需确认是否纳入当前主库口径,1,1,1,enterprise_bidding_platform,no_match,0,,,,,,,C-企业招投标与云平台审查,manual_review_high
168,企业招标采购平台,,中国有色集团采购招标电子商务平台,http://ecp.cnmc.com.cn,http://ecp.cnmc.com.cn,ecp.cnmc.com.cn,ecp.cnmc.com.cn,行业垂直,企业招投标,review,企业招投标平台相关，但需确认是否纳入当前主库口径,1,1,1,enterprise_bidding_platform,no_match,0,,,,,,,C-企业招投标与云平台审查,manual_review_high
169,企业招标采购平台,,中煤招标有限责任公司电子招投标平台,http://www.zmzb.com/,http://www.zmzb.com/,www.zmzb.com,www.zmzb.com,行业垂直,企业招投标,review,企业招投标平台相关，但需确认是否纳入当前主库口径,1,1,1,enterprise_bidding_platform,no_match,0,,,,,,,C-企业招投标与云平台审查,manual_review_high
170,企业招标采购平台,,中国兵器装备集团有限公司招标投标交易平台,https://www.cse-bidding.com,https://www.cse-bidding.com,www.cse-bidding.com,www.cse-bidding.com,行业垂直,企业招投标,review,企业招投标平台相关，但需确认是否纳入当前主库口径,2,1,2,enterprise_bidding_platform,no_match,0,,,,,,,C-企业招投标与云平台审查,manual_review_high
171,企业招标采购平台,,中国交建物资采购管理信息系统,http://empm.ccccltd.cn/PMS/,http://empm.ccccltd.cn/PMS/,empm.ccccltd.cn/pms,empm.ccccltd.cn/PMS,行业垂直,企业采购平台,review,企业采购/电子商务平台需进一步判断是否属于有效招标信息源,1,1,1,enterprise_procurement_platform,no_match,0,,,,,,,D-企业采购与第三方待定,manual_review_medium
172,企业招标采购平台,,国药器材电子招标采购平台,https://sinopharmzc.com/#/home,https://sinopharmzc.com/,sinopharmzc.com,sinopharmzc.com,行业垂直,企业招投标,review,企业招投标平台相关，但需确认是否纳入当前主库口径,1,1,1,enterprise_bidding_platform,no_match,0,,,,,,,C-企业招投标与云平台审查,manual_review_high
173,企业招标采购平台,,中电采购平台,http://bid.ceiec.com.cn,http://bid.ceiec.com.cn,bid.ceiec.com.cn,bid.ceiec.com.cn,行业垂直,企业采购平台,review,企业采购/电子商务平台需进一步判断是否属于有效招标信息源,1,1,1,enterprise_procurement_platform,no_match,0,,,,,,,D-企业采购与第三方待定,manual_review_medium
174,企业招标采购平台,,中国航发电子招投标平台,http://ebid.aecc-mall.com,http://ebid.aecc-mall.com,ebid.aecc-mall.com,ebid.aecc-mall.com,行业垂直,企业招投标,review,企业招投标平台相关，但需确认是否纳入当前主库口径,1,1,1,cloud_platform_variant,no_match,0,,,,,,,C-企业招投标与云平台审查,manual_review_high
175,企业招标采购平台,,中国石化电子招标投标交易平台（工程、服务交易平台）,https://ebidding.sinopec.com,https://ebidding.sinopec.com,ebidding.sinopec.com,ebidding.sinopec.com,行业垂直,企业招投标,review,企业招投标平台相关，但需确认是否纳入当前主库口径,1,1,1,enterprise_bidding_platform,no_match,0,,,,,,,C-企业招投标与云平台审查,manual_review_high
176,企业招标采购平台,,中国印钞造币集中采购电子平台,https://bidding.cbpm.cn,https://bidding.cbpm.cn,bidding.cbpm.cn,bidding.cbpm.cn,行业垂直,企业平台待判定,review,企业采购/电子商务平台需进一步判断是否属于有效招标信息源,1,1,1,enterprise_procurement_platform,no_match,0,,,,,,,D-企业采购与第三方待定,manual_review_medium
177,企业招标采购平台,,中核集团电子采购平台,https://www.cnncecp.com/,https://www.cnncecp.com/,www.cnncecp.com,www.cnncecp.com,行业垂直,企业采购平台,review,企业采购/电子商务平台需进一步判断是否属于有效招标信息源,1,2,2,enterprise_procurement_platform,no_match,0,,,,,,,D-企业采购与第三方待定,manual_review_medium
178,企业招标采购平台,,中国大唐集团公司电子商务平台,http://www.cdt-ec.com,http://www.cdt-ec.com,www.cdt-ec.com,www.cdt-ec.com,行业垂直,企业采购平台,review,企业采购/电子商务平台需进一步判断是否属于有效招标信息源,1,1,2,enterprise_procurement_platform,no_match,0,,,,,,,D-企业采购与第三方待定,manual_review_medium
179,企业招标采购平台,,中国电子进出口有限公司招标采购网,http://bidding.ceiec.com.cn/,http://bidding.ceiec.com.cn/,bidding.ceiec.com.cn,bidding.ceiec.com.cn,行业垂直,企业招投标,review,企业招投标平台相关，但需确认是否纳入当前主库口径,1,1,1,enterprise_bidding_platform,no_match,0,,,,,,,C-企业招投标与云平台审查,manual_review_high
180,企业招标采购平台,,电能易购招标采购平台,https://ebid.espic.com.cn/,https://ebid.espic.com.cn/,ebid.espic.com.cn,ebid.espic.com.cn,行业垂直,企业招投标,review,企业招投标平台相关，但需确认是否纳入当前主库口径,1,1,1,enterprise_bidding_platform,no_match,0,,,,,,,C-企业招投标与云平台审查,manual_review_high
181,企业招标采购平台,,中国融通电子商务平台,https://www.ronghw.cn/,https://www.ronghw.cn/,www.ronghw.cn,www.ronghw.cn,行业垂直,企业采购平台,review,企业采购/电子商务平台需进一步判断是否属于有效招标信息源,2,2,2,enterprise_procurement_platform,no_match,0,,,,,,,D-企业采购与第三方待定,manual_review_medium
182,企业招标采购平台,,中国海洋石油集团有限公司采办业务管理与交易系统,https://buy.cnooc.com.cn,https://buy.cnooc.com.cn,buy.cnooc.com.cn,buy.cnooc.com.cn,行业垂直,企业平台待判定,review,企业采购/电子商务平台需进一步判断是否属于有效招标信息源,1,1,2,enterprise_bidding_platform,no_match,0,,,,,,,C-企业招投标与云平台审查,manual_review_high
183,企业招标采购平台,,中国交建装备采购管理信息系统,http://ecp.ccccltd.cn,http://ecp.ccccltd.cn,ecp.ccccltd.cn,ecp.ccccltd.cn,行业垂直,企业采购平台,review,企业采购/电子商务平台需进一步判断是否属于有效招标信息源,1,1,1,enterprise_procurement_platform,no_match,0,,,,,,,D-企业采购与第三方待定,manual_review_medium
184,企业招标采购平台,,招商局集团电子招标采购交易平台,https://dzzb.ciesco.com.cn/,https://dzzb.ciesco.com.cn/,dzzb.ciesco.com.cn,dzzb.ciesco.com.cn,行业垂直,企业招投标,review,企业招投标平台相关，但需确认是否纳入当前主库口径,2,2,2,enterprise_bidding_platform,no_match,0,,,,,,,C-企业招投标与云平台审查,manual_review_high
185,企业招标采购平台,,国家开发投资公司（集团）电子采购平台,http://eps.sdic.com.cn/,http://eps.sdic.com.cn/,eps.sdic.com.cn,eps.sdic.com.cn,行业垂直,企业采购平台,review,企业采购/电子商务平台需进一步判断是否属于有效招标信息源,1,1,1,enterprise_procurement_platform,no_match,0,,,,,,,D-企业采购与第三方待定,manual_review_medium
186,企业招标采购平台,,北京能源招投标网,http://www.be-bidding.com,http://www.be-bidding.com,www.be-bidding.com,www.be-bidding.com,行业垂直,企业招投标,review,企业招投标平台相关，但需确认是否纳入当前主库口径,1,1,1,enterprise_bidding_platform,no_match,0,,,,,,,C-企业招投标与云平台审查,manual_review_high
187,企业招标采购平台,,中国电建公共资源交易系统,http://bid.powerchina.cn,http://bid.powerchina.cn,bid.powerchina.cn,bid.powerchina.cn,行业垂直,企业平台待判定,review,企业采购/电子商务平台需进一步判断是否属于有效招标信息源,1,1,1,enterprise_bidding_platform,no_match,0,,,,,,,C-企业招投标与云平台审查,manual_review_high
188,企业招标采购平台,,中国华电集团电子商务平台,http://www.chdtp.com.cn,http://www.chdtp.com.cn,www.chdtp.com.cn,www.chdtp.com.cn,行业垂直,企业采购平台,review,企业采购/电子商务平台需进一步判断是否属于有效招标信息源,1,2,1,enterprise_procurement_platform,no_match,0,,,,,,,D-企业采购与第三方待定,manual_review_medium
189,企业招标采购平台,,国家电网公司电子商务平台,http://ecp.sgcc.com.cn/,http://ecp.sgcc.com.cn/,ecp.sgcc.com.cn,ecp.sgcc.com.cn,行业垂直,企业采购平台,review,企业采购/电子商务平台需进一步判断是否属于有效招标信息源,1,1,2,enterprise_procurement_platform,soft_match,1,86,国家电网电子商务平台,https://ecp.sgcc.com.cn,https://ecp.sgcc.com.cn,行业垂直,行业核心,B-现有库归并,merge_soft_match
190,企业招标采购平台,,航空工业电子招投标交易平台,http://ebid.eavic.com,http://ebid.eavic.com,ebid.eavic.com,ebid.eavic.com,行业垂直,企业招投标,review,企业招投标平台相关，但需确认是否纳入当前主库口径,1,1,1,enterprise_bidding_platform,no_match,0,,,,,,,C-企业招投标与云平台审查,manual_review_high
191,企业招标采购平台,,中国华能集团公司电子招投标系统,http://www.chnzb.cn/hnzb/,http://www.chnzb.cn/hnzb/,www.chnzb.cn/hnzb,www.chnzb.cn/hnzb,行业垂直,企业招投标,review,企业招投标平台相关，但需确认是否纳入当前主库口径,1,1,1,enterprise_bidding_platform,no_match,0,,,,,,,C-企业招投标与云平台审查,manual_review_high
192,企业招标采购平台,,中铁建电子招标平台,http://ebid.crccmall.com/,http://ebid.crccmall.com/,ebid.crccmall.com,ebid.crccmall.com,行业垂直,企业招投标,review,企业招投标平台相关，但需确认是否纳入当前主库口径,1,1,1,cloud_platform_variant,no_match,0,,,,,,,C-企业招投标与云平台审查,manual_review_high
193,企业招标采购平台,,中国移动电子采购与招标投标系统,http://b2b.10086.cn,http://b2b.10086.cn,b2b.10086.cn,b2b.10086.cn,行业垂直,企业招投标,review,企业招投标平台相关，但需确认是否纳入当前主库口径,1,1,2,enterprise_bidding_platform,soft_match,1,80,中国移动采购与招标网,https://b2b.10086.cn,https://b2b.10086.cn,行业垂直,行业核心,B-现有库归并,merge_soft_match
194,企业招标采购平台,,中国电力设备信息网电子招标交易平台,http://www.cpeinet.com.cn/,http://www.cpeinet.com.cn/,www.cpeinet.com.cn,www.cpeinet.com.cn,行业垂直,企业招投标,review,企业招投标平台相关，但需确认是否纳入当前主库口径,1,1,1,enterprise_bidding_platform,no_match,0,,,,,,,C-企业招投标与云平台审查,manual_review_high
195,企业招标采购平台,,中国石化电子招标投标交易平台物资装备交易平台,http://bidding.sinopec.com,http://bidding.sinopec.com,bidding.sinopec.com,bidding.sinopec.com,行业垂直,企业招投标,review,企业招投标平台相关，但需确认是否纳入当前主库口径,1,1,1,enterprise_bidding_platform,no_match,0,,,,,,,C-企业招投标与云平台审查,manual_review_high
196,企业招标采购平台,,国家能源招标网,http://www.chnenergybidding.com.cn/,http://www.chnenergybidding.com.cn/,www.chnenergybidding.com.cn,www.chnenergybidding.com.cn,行业垂直,企业招投标,review,企业招投标平台相关，但需确认是否纳入当前主库口径,1,1,1,enterprise_bidding_platform,soft_match,1,87,国家能源集团电子商务平台,https://www.chnenergybidding.com.cn,https://www.chnenergybidding.com.cn,行业垂直,行业核心,B-现有库归并,merge_soft_match
197,企业招标采购平台,,中铝集团电子招投标平台,http://eb.chinalco.com.cn,http://eb.chinalco.com.cn,eb.chinalco.com.cn,eb.chinalco.com.cn,行业垂直,企业招投标,review,企业招投标平台相关，但需确认是否纳入当前主库口径,1,2,2,enterprise_bidding_platform,no_match,0,,,,,,,C-企业招投标与云平台审查,manual_review_high
198,企业招标采购平台,,冀中能源集团招标投标电子交易平台,http://jzny.e-bidding.org/,http://jzny.e-bidding.org/,jzny.e-bidding.org,jzny.e-bidding.org,行业垂直,企业招投标,review,企业招投标平台相关，但需确认是否纳入当前主库口径,1,1,1,enterprise_bidding_platform,no_match,0,,,,,,,C-企业招投标与云平台审查,manual_review_high
199,企业招标采购平台,,太钢电子招投标交易平台,https://bid.tisco.com.cn,https://bid.tisco.com.cn,bid.tisco.com.cn,bid.tisco.com.cn,行业垂直,企业招投标,review,企业招投标平台相关，但需确认是否纳入当前主库口径,1,1,1,enterprise_bidding_platform,no_match,0,,,,,,,C-企业招投标与云平台审查,manual_review_high
200,企业招标采购平台,,晋能控股招标采购平台,http://dzzb.dtcoalmine.com,http://dzzb.dtcoalmine.com,dzzb.dtcoalmine.com,dzzb.dtcoalmine.com,行业垂直,企业招投标,review,企业招投标平台相关，但需确认是否纳入当前主库口径,1,1,1,enterprise_bidding_platform,no_match,0,,,,,,,C-企业招投标与云平台审查,manual_review_high
201,企业招标采购平台,,能建电子招投标交易平台,http://jc.imeec.cn/,http://jc.imeec.cn/,jc.imeec.cn,jc.imeec.cn,行业垂直,企业招投标,review,企业招投标平台相关，但需确认是否纳入当前主库口径,1,1,1,enterprise_bidding_platform,no_match,0,,,,,,,C-企业招投标与云平台审查,manual_review_high
202,企业招标采购平台,,内蒙古电力集团电子商务系统,http://impc.e-bidding.org/,http://impc.e-bidding.org/,impc.e-bidding.org,impc.e-bidding.org,行业垂直,企业采购平台,review,企业采购/电子商务平台需进一步判断是否属于有效招标信息源,1,1,1,enterprise_procurement_platform,no_match,0,,,,,,,D-企业采购与第三方待定,manual_review_medium
203,企业招标采购平台,,内蒙古能建电子商务平台,http://et.imeec.cn/cms/index.htm,http://et.imeec.cn/cms/index.htm,et.imeec.cn/cms/index.htm,et.imeec.cn/cms/index.htm,行业垂直,企业采购平台,review,企业采购/电子商务平台需进一步判断是否属于有效招标信息源,1,1,1,enterprise_procurement_platform,no_match,0,,,,,,,D-企业采购与第三方待定,manual_review_medium
204,企业招标采购平台,,鞍钢矿业招标投标平台,http://www.anmining.com/Tcrazy/Business.aspx,http://www.anmining.com/Tcrazy/Business.aspx,www.anmining.com/tcrazy/business.aspx,www.anmining.com/Tcrazy/Business.aspx,行业垂直,企业招投标,review,企业招投标平台相关，但需确认是否纳入当前主库口径,1,1,1,enterprise_bidding_platform,no_match,0,,,,,,,C-企业招投标与云平台审查,manual_review_high
205,企业招标采购平台,,鞍钢集团电子招投标交易平台,http://bid.ansteel.cn,http://bid.ansteel.cn,bid.ansteel.cn,bid.ansteel.cn,行业垂直,企业招投标,review,企业招投标平台相关，但需确认是否纳入当前主库口径,1,2,2,enterprise_bidding_platform,no_match,0,,,,,,,C-企业招投标与云平台审查,manual_review_high
206,企业招标采购平台,,中国一汽电子招标采购交易平台,http://ept.fawiec.com,http://ept.fawiec.com,ept.fawiec.com,ept.fawiec.com,行业垂直,企业招投标,review,企业招投标平台相关，但需确认是否纳入当前主库口径,1,1,1,enterprise_bidding_platform,no_match,0,,,,,,,C-企业招投标与云平台审查,manual_review_high
207,企业招标采购平台,,一汽机电产品国际招标电子交易平台,https://etp.faw.cn/,https://etp.faw.cn/,etp.faw.cn,etp.faw.cn,行业垂直,企业招投标,review,企业招投标平台相关，但需确认是否纳入当前主库口径,2,1,2,enterprise_bidding_platform,no_match,0,,,,,,,C-企业招投标与云平台审查,manual_review_high
208,企业招标采购平台,,哈电集团电子商务平台,https://scm.harbin-electric.com,https://scm.harbin-electric.com,scm.harbin-electric.com,scm.harbin-electric.com,行业垂直,企业采购平台,review,企业采购/电子商务平台需进一步判断是否属于有效招标信息源,1,1,2,enterprise_procurement_platform,no_match,0,,,,,,,D-企业采购与第三方待定,manual_review_medium
209,企业招标采购平台,,浙能集团电子招投标交易平台,http://60.191.4.146:18600/,http://60.191.4.146:18600/,60.191.4.146:18600,60.191.4.146:18600,行业垂直,企业招投标,review,企业招投标平台相关，但需确认是否纳入当前主库口径,1,1,1,enterprise_bidding_platform,no_match,0,,,,,,,C-企业招投标与云平台审查,manual_review_high
210,企业招标采购平台,,济能发集团电子招投标平台,http://zc.jneasygo.com/cms/index.htm,http://zc.jneasygo.com/cms/index.htm,zc.jneasygo.com/cms/index.htm,zc.jneasygo.com/cms/index.htm,行业垂直,企业招投标,review,企业招投标平台相关，但需确认是否纳入当前主库口径,1,1,1,enterprise_bidding_platform,no_match,0,,,,,,,C-企业招投标与云平台审查,manual_review_high
211,企业招标采购平台,,铁建汇采工程物资设备电商平台,http://www.crcchc.com,http://www.crcchc.com,www.crcchc.com,www.crcchc.com,行业垂直,企业平台待判定,review,企业采购/电子商务平台需进一步判断是否属于有效招标信息源,1,1,1,enterprise_procurement_platform,no_match,0,,,,,,,D-企业采购与第三方待定,manual_review_medium
212,企业招标采购平台,,湖南省招标综合管理系统,http://www.hnbidding.com/,http://www.hnbidding.com/,www.hnbidding.com,www.hnbidding.com,行业垂直,企业招投标,review,企业招投标平台相关，但需确认是否纳入当前主库口径,1,1,1,enterprise_bidding_platform,no_match,0,,,,,,,C-企业招投标与云平台审查,manual_review_high
213,企业招标采购平台,,中国通信服务湖南招投标服务平台,http://xtfzb.net/,http://xtfzb.net/,xtfzb.net,xtfzb.net,行业垂直,企业招投标,review,企业招投标平台相关，但需确认是否纳入当前主库口径,1,1,1,enterprise_bidding_platform,no_match,0,,,,,,,C-企业招投标与云平台审查,manual_review_high
214,企业招标采购平台,,南航采购平台CPP,http://cpp.csair.com,http://cpp.csair.com,cpp.csair.com,cpp.csair.com,行业垂直,企业采购平台,review,企业采购/电子商务平台需进一步判断是否属于有效招标信息源,1,1,1,enterprise_procurement_platform,no_match,0,,,,,,,D-企业采购与第三方待定,manual_review_medium
215,企业招标采购平台,,中国南方电网电子商务系统,http://www.bidding.csg.cn/,http://www.bidding.csg.cn/,www.bidding.csg.cn,www.bidding.csg.cn,行业垂直,企业采购平台,review,企业采购/电子商务平台需进一步判断是否属于有效招标信息源,2,1,2,enterprise_procurement_platform,soft_match,1,85,南方电网供应链统一服务平台,https://www.bidding.csg.cn,https://www.bidding.csg.cn,行业垂直,行业核心,B-现有库归并,merge_soft_match
216,企业招标采购平台,,中国燃气集团电子招标采购交易平台,https://zrzbcg.chinagasholdings.com,https://zrzbcg.chinagasholdings.com,zrzbcg.chinagasholdings.com,zrzbcg.chinagasholdings.com,行业垂直,企业招投标,review,企业招投标平台相关，但需确认是否纳入当前主库口径,1,1,1,enterprise_bidding_platform,no_match,0,,,,,,,C-企业招投标与云平台审查,manual_review_high
217,企业招标采购平台,,中广核电子商务平台,https://ecp.cgnpc.com.cn/,https://ecp.cgnpc.com.cn/,ecp.cgnpc.com.cn,ecp.cgnpc.com.cn,行业垂直,企业采购平台,review,企业采购/电子商务平台需进一步判断是否属于有效招标信息源,1,1,1,enterprise_procurement_platform,no_match,0,,,,,,,D-企业采购与第三方待定,manual_review_medium
218,企业招标采购平台,,华润集团守正电子招标平台,https://szecp.crc.com.cn,https://szecp.crc.com.cn,szecp.crc.com.cn,szecp.crc.com.cn,行业垂直,企业招投标,review,企业招投标平台相关，但需确认是否纳入当前主库口径,1,2,2,enterprise_bidding_platform,no_match,0,,,,,,,C-企业招投标与云平台审查,manual_review_high
219,企业招标采购平台,,电子招采平台,http://www.ezcpt.com/,http://www.ezcpt.com/,www.ezcpt.com,www.ezcpt.com,行业垂直,企业平台待判定,review,企业采购/电子商务平台需进一步判断是否属于有效招标信息源,1,1,1,enterprise_procurement_platform,no_match,0,,,,,,,D-企业采购与第三方待定,manual_review_medium
220,企业招标采购平台,,陕投电子招标平台,http://www.stdzzb.com,http://www.stdzzb.com,www.stdzzb.com,www.stdzzb.com,行业垂直,企业招投标,review,企业招投标平台相关，但需确认是否纳入当前主库口径,1,1,1,enterprise_bidding_platform,no_match,0,,,,,,,C-企业招投标与云平台审查,manual_review_high
221,企业招标采购平台,,机电产品招标投标电子交易平台,http://www.chinabidding.com/,http://www.chinabidding.com/,www.chinabidding.com,www.chinabidding.com,行业垂直,企业招投标,review,企业招投标平台相关，但需确认是否纳入当前主库口径,1,1,1,enterprise_bidding_platform,no_match,0,,,,,,,C-企业招投标与云平台审查,manual_review_high
222,企业招标采购平台,,北京城市排水集团有限责任公司电子招标投标交易平台V1.0,https://www.bdc.cn/bdc/bpgyl/index.html,https://www.bdc.cn/bdc/bpgyl/index.html,www.bdc.cn/bdc/bpgyl/index.html,www.bdc.cn/bdc/bpgyl/index.html,行业垂直,企业招投标,review,企业招投标平台相关，但需确认是否纳入当前主库口径,1,1,1,enterprise_bidding_platform,no_match,0,,,,,,,C-企业招投标与云平台审查,manual_review_high
223,第三方交易平台,,用友云采购服务平台,https://yc.yonyoucloud.com,https://yc.yonyoucloud.com,yc.yonyoucloud.com,yc.yonyoucloud.com,第三方综合,聚合平台,review,第三方平台需结合现有口径审查后再决定是否导入,1,1,1,third_party_trading_platform,no_match,0,,,,,,,D-企业采购与第三方待定,manual_review_low
224,第三方交易平台,,国资优采云平台,http://www.gzycy.com,http://www.gzycy.com,www.gzycy.com,www.gzycy.com,第三方综合,聚合平台,review,第三方平台需结合现有口径审查后再决定是否导入,1,1,1,cloud_platform_variant,no_match,0,,,,,,,C-企业招投标与云平台审查,manual_review_high
225,第三方交易平台,,中国通用招标网暨电子招标平台,http://www.china-tender.com.cn,http://www.china-tender.com.cn,www.china-tender.com.cn,www.china-tender.com.cn,第三方综合,聚合平台,review,第三方平台需结合现有口径审查后再决定是否导入,1,1,1,third_party_trading_platform,no_match,0,,,,,,,D-企业采购与第三方待定,manual_review_low
226,第三方交易平台,,中招联合招标采购平台,http://www.365trade.com.cn/,http://www.365trade.com.cn/,www.365trade.com.cn,www.365trade.com.cn,第三方综合,聚合平台,review,第三方平台需结合现有口径审查后再决定是否导入,1,1,1,third_party_trading_platform,no_match,0,,,,,,,D-企业采购与第三方待定,manual_review_low
227,第三方交易平台,,中化商务电子招投标平台,http://e.sinochemitc.com,http://e.sinochemitc.com,e.sinochemitc.com,e.sinochemitc.com,第三方综合,聚合平台,review,第三方平台需结合现有口径审查后再决定是否导入,1,1,2,third_party_trading_platform,no_match,0,,,,,,,D-企业采购与第三方待定,manual_review_low
228,第三方交易平台,,筑龙电子招标投标平台,http://www.jiaoyi365.com/zbcg,http://www.jiaoyi365.com/zbcg,www.jiaoyi365.com/zbcg,www.jiaoyi365.com/zbcg,第三方综合,聚合平台,review,第三方平台需结合现有口径审查后再决定是否导入,1,1,1,third_party_trading_platform,no_match,0,,,,,,,D-企业采购与第三方待定,manual_review_low
229,第三方交易平台,,易联招采网,http://www.elian.net,http://www.elian.net,www.elian.net,www.elian.net,第三方综合,聚合平台,review,第三方平台需结合现有口径审查后再决定是否导入,1,1,1,third_party_trading_platform,no_match,0,,,,,,,D-企业采购与第三方待定,manual_review_low
230,第三方交易平台,,国信创新招标投标交易平台,http://www.e-bidding.org,http://www.e-bidding.org,www.e-bidding.org,www.e-bidding.org,第三方综合,聚合平台,review,第三方平台需结合现有口径审查后再决定是否导入,1,1,1,third_party_trading_platform,no_match,0,,,,,,,D-企业采购与第三方待定,manual_review_low
231,第三方交易平台,,龙源工程采购交易平台,http://lygccgpt.gdlygc.cn,http://lygccgpt.gdlygc.cn,lygccgpt.gdlygc.cn,lygccgpt.gdlygc.cn,第三方综合,聚合平台,review,第三方平台需结合现有口径审查后再决定是否导入,1,1,1,third_party_trading_platform,no_match,0,,,,,,,D-企业采购与第三方待定,manual_review_low
232,第三方交易平台,,首开股份工程电子招标采购交易平台,http://ebidding.shoukaigufen.com.cn/,http://ebidding.shoukaigufen.com.cn/,ebidding.shoukaigufen.com.cn,ebidding.shoukaigufen.com.cn,第三方综合,聚合平台,review,第三方平台需结合现有口径审查后再决定是否导入,1,1,1,third_party_trading_platform,no_match,0,,,,,,,D-企业采购与第三方待定,manual_review_low
233,第三方交易平台,,金润招投标交易平台,http://www.jrztbpt.com,http://www.jrztbpt.com,www.jrztbpt.com,www.jrztbpt.com,第三方综合,聚合平台,review,第三方平台需结合现有口径审查后再决定是否导入,1,1,1,third_party_trading_platform,no_match,0,,,,,,,D-企业采购与第三方待定,manual_review_low
234,第三方交易平台,,冀招标交易平台,http://www.jizhaobiao.com,http://www.jizhaobiao.com,www.jizhaobiao.com,www.jizhaobiao.com,第三方综合,聚合平台,review,第三方平台需结合现有口径审查后再决定是否导入,1,1,1,third_party_trading_platform,no_match,0,,,,,,,D-企业采购与第三方待定,manual_review_low
235,第三方交易平台,,隆道平台,http://www.longdaoyun.com,http://www.longdaoyun.com,www.longdaoyun.com,www.longdaoyun.com,第三方综合,聚合平台,review,第三方平台需结合现有口径审查后再决定是否导入,1,1,1,third_party_trading_platform,no_match,0,,,,,,,D-企业采购与第三方待定,manual_review_low
236,第三方交易平台,,正量网,http://www.zlw.net/,http://www.zlw.net/,www.zlw.net,www.zlw.net,第三方综合,聚合平台,review,第三方平台需结合现有口径审查后再决定是否导入,1,1,1,third_party_trading_platform,no_match,0,,,,,,,D-企业采购与第三方待定,manual_review_low
237,第三方交易平台,,交易365招标采购平台,http://www.jiaoyi365.com,http://www.jiaoyi365.com,www.jiaoyi365.com,www.jiaoyi365.com,第三方综合,聚合平台,review,第三方平台需结合现有口径审查后再决定是否导入,1,1,1,third_party_trading_platform,no_match,0,,,,,,,D-企业采购与第三方待定,manual_review_low
238,第三方交易平台,,清华控股招标采购交易平台,http://www.ronghui.net/,http://www.ronghui.net/,www.ronghui.net,www.ronghui.net,第三方综合,聚合平台,review,第三方平台需结合现有口径审查后再决定是否导入,1,1,1,third_party_trading_platform,no_match,0,,,,,,,D-企业采购与第三方待定,manual_review_low
239,第三方交易平台,,新奥能源电子采购平台,http://ecp.enn.cn/,http://ecp.enn.cn/,ecp.enn.cn,ecp.enn.cn,第三方综合,聚合平台,review,第三方平台需结合现有口径审查后再决定是否导入,1,1,1,third_party_trading_platform,no_match,0,,,,,,,D-企业采购与第三方待定,manual_review_low
240,第三方交易平台,,必联电子招标投标平台,http://www.ebnew.com/,http://www.ebnew.com/,www.ebnew.com,www.ebnew.com,第三方综合,聚合平台,review,第三方平台需结合现有口径审查后再决定是否导入,1,1,1,third_party_trading_platform,soft_match,1,79,中国电力招标网,https://www.ebnew.com,https://www.ebnew.com,行业垂直,电力 / 能源,B-现有库归并,merge_soft_match
241,第三方交易平台,,比德电子采购平台,http://www.bdebid.com,http://www.bdebid.com,www.bdebid.com,www.bdebid.com,第三方综合,聚合平台,review,第三方平台需结合现有口径审查后再决定是否导入,1,1,1,third_party_trading_platform,no_match,0,,,,,,,D-企业采购与第三方待定,manual_review_low
242,第三方交易平台,,金采网金融行业电子采购与数据资源服务平台,http://www.cfcpn.com/,http://www.cfcpn.com/,www.cfcpn.com,www.cfcpn.com,第三方综合,聚合平台,review,第三方平台需结合现有口径审查后再决定是否导入,1,1,1,third_party_trading_platform,no_match,0,,,,,,,D-企业采购与第三方待定,manual_review_low
243,第三方交易平台,,物资网,http://www.wuzi.com/,http://www.wuzi.com/,www.wuzi.com,www.wuzi.com,第三方综合,聚合平台,review,第三方平台需结合现有口径审查后再决定是否导入,1,1,1,third_party_trading_platform,no_match,0,,,,,,,D-企业采购与第三方待定,manual_review_low
244,第三方交易平台,,比比网,http://www.bitbid.cn,http://www.bitbid.cn,www.bitbid.cn,www.bitbid.cn,第三方综合,聚合平台,review,第三方平台需结合现有口径审查后再决定是否导入,1,1,1,third_party_trading_platform,no_match,0,,,,,,,D-企业采购与第三方待定,manual_review_low
245,第三方交易平台,,中采惠招电子招投标交易平台,http://www.zchzb.com,http://www.zchzb.com,www.zchzb.com,www.zchzb.com,第三方综合,聚合平台,review,第三方平台需结合现有口径审查后再决定是否导入,1,1,1,third_party_trading_platform,no_match,0,,,,,,,D-企业采购与第三方待定,manual_review_low
246,第三方交易平台,,推绿网,http://www.twigreen.com/,http://www.twigreen.com/,www.twigreen.com,www.twigreen.com,第三方综合,聚合平台,review,第三方平台需结合现有口径审查后再决定是否导入,1,1,1,third_party_trading_platform,no_match,0,,,,,,,D-企业采购与第三方待定,manual_review_low
247,第三方交易平台,,招标通电子招投标交易平台,http://www.hebztb.com,http://www.hebztb.com,www.hebztb.com,www.hebztb.com,第三方综合,聚合平台,review,第三方平台需结合现有口径审查后再决定是否导入,1,1,1,third_party_trading_platform,no_match,0,,,,,,,D-企业采购与第三方待定,manual_review_low
248,第三方交易平台,,河北电子招标投标交易平台,http://hbxh.86ztb.com,http://hbxh.86ztb.com,hbxh.86ztb.com,hbxh.86ztb.com,第三方综合,聚合平台,review,第三方平台需结合现有口径审查后再决定是否导入,1,1,1,third_party_trading_platform,no_match,0,,,,,,,D-企业采购与第三方待定,manual_review_low
249,第三方交易平台,,河北张家口电子招标投标交易平台,http://hbzjk.86ztb.com,http://hbzjk.86ztb.com,hbzjk.86ztb.com,hbzjk.86ztb.com,第三方综合,聚合平台,review,第三方平台需结合现有口径审查后再决定是否导入,1,1,1,third_party_trading_platform,no_match,0,,,,,,,D-企业采购与第三方待定,manual_review_low
250,第三方交易平台,,招采云电子交易平台,http://www.hebeibidding.com:8881/portal/index,http://www.hebeibidding.com:8881/portal/index,www.hebeibidding.com:8881/portal/index,www.hebeibidding.com:8881/portal/index,第三方综合,聚合平台,review,第三方平台需结合现有口径审查后再决定是否导入,1,1,1,cloud_platform_variant,no_match,0,,,,,,,C-企业招投标与云平台审查,manual_review_high
251,第三方交易平台,,圣诺联合电子招投标平台,http://www.okzhaobiao.com/,http://www.okzhaobiao.com/,www.okzhaobiao.com,www.okzhaobiao.com,第三方综合,聚合平台,review,第三方平台需结合现有口径审查后再决定是否导入,1,1,1,third_party_trading_platform,no_match,0,,,,,,,D-企业采购与第三方待定,manual_review_low
252,第三方交易平台,,惠招标,http://www.hbidding.com/,http://www.hbidding.com/,www.hbidding.com,www.hbidding.com,第三方综合,聚合平台,review,第三方平台需结合现有口径审查后再决定是否导入,1,1,1,third_party_trading_platform,no_match,0,,,,,,,D-企业采购与第三方待定,manual_review_low
253,第三方交易平台,,E招冀成电子招投标交易平台,http://www.hebeibidding.com,http://www.hebeibidding.com,www.hebeibidding.com,www.hebeibidding.com,第三方综合,聚合平台,review,第三方平台需结合现有口径审查后再决定是否导入,1,1,1,third_party_trading_platform,no_match,0,,,,,,,D-企业采购与第三方待定,manual_review_low
254,第三方交易平台,,建投商务网,http://www.jtsww.com,http://www.jtsww.com,www.jtsww.com,www.jtsww.com,第三方综合,聚合平台,review,第三方平台需结合现有口径审查后再决定是否导入,1,1,1,third_party_trading_platform,no_match,0,,,,,,,D-企业采购与第三方待定,manual_review_low
255,第三方交易平台,,中油管道电子招标投标交易平台,http://www.cppbidding.com.cn,http://www.cppbidding.com.cn,www.cppbidding.com.cn,www.cppbidding.com.cn,第三方综合,聚合平台,review,第三方平台需结合现有口径审查后再决定是否导入,1,1,1,third_party_trading_platform,no_match,0,,,,,,,D-企业采购与第三方待定,manual_review_low
256,第三方交易平台,,质采智购,https://zc.ygyg.cn/,https://zc.ygyg.cn/,zc.ygyg.cn,zc.ygyg.cn,第三方综合,聚合平台,review,第三方平台需结合现有口径审查后再决定是否导入,1,1,1,third_party_trading_platform,no_match,0,,,,,,,D-企业采购与第三方待定,manual_review_low
257,第三方交易平台,,中招联合（山西）招标采购平台,http://shanxi.365trade.com.cn,http://shanxi.365trade.com.cn,shanxi.365trade.com.cn,shanxi.365trade.com.cn,第三方综合,聚合平台,review,第三方平台需结合现有口径审查后再决定是否导入,1,1,1,third_party_trading_platform,no_match,0,,,,,,,D-企业采购与第三方待定,manual_review_low
258,第三方交易平台,,旺采网山西交易平台,http://sx.5ibid.net,http://sx.5ibid.net,sx.5ibid.net,sx.5ibid.net,第三方综合,聚合平台,review,第三方平台需结合现有口径审查后再决定是否导入,1,1,1,third_party_trading_platform,no_match,0,,,,,,,D-企业采购与第三方待定,manual_review_low
259,第三方交易平台,,易招标山西交易平台,http://sxty.ebidding.net.cn,http://sxty.ebidding.net.cn,sxty.ebidding.net.cn,sxty.ebidding.net.cn,第三方综合,聚合平台,review,第三方平台需结合现有口径审查后再决定是否导入,1,1,1,third_party_trading_platform,no_match,0,,,,,,,D-企业采购与第三方待定,manual_review_low
260,第三方交易平台,,中国（矿用）工业品电子招投标交易平台,http://zb365.com.cn,http://zb365.com.cn,zb365.com.cn,zb365.com.cn,第三方综合,聚合平台,review,第三方平台需结合现有口径审查后再决定是否导入,1,1,1,third_party_trading_platform,no_match,0,,,,,,,D-企业采购与第三方待定,manual_review_low
261,第三方交易平台,,云买卖电子综合交易平台,http://www.eqbidding.com,http://www.eqbidding.com,www.eqbidding.com,www.eqbidding.com,第三方综合,聚合平台,review,第三方平台需结合现有口径审查后再决定是否导入,1,1,1,third_party_trading_platform,no_match,0,,,,,,,D-企业采购与第三方待定,manual_review_low
262,第三方交易平台,,北京玖邦科技招标采购交易平台,http://www.bjjbkj.cn,http://www.bjjbkj.cn,www.bjjbkj.cn,www.bjjbkj.cn,第三方综合,聚合平台,review,第三方平台需结合现有口径审查后再决定是否导入,1,1,1,third_party_trading_platform,no_match,0,,,,,,,D-企业采购与第三方待定,manual_review_low
263,第三方交易平台,,山西新点电子招投标交易平台,http://221.204.224.14:8090/TPFrame/customframe4bid/login_TP,http://221.204.224.14:8090/TPFrame/customframe4bid/login_TP,221.204.224.14:8090/tpframe/customframe4bid/login_tp,221.204.224.14:8090/TPFrame/customframe4bid/login_TP,第三方综合,登录入口,exclude,疑似登录页、审批/商城/超市类入口，不适合作为主站点库导入,1,1,1,exclude_noise,no_match,0,,,,,,,E-排除,exclude
264,第三方交易平台,,易交在线电子招标投标交易平台,http://www.sxyjcg.com,http://www.sxyjcg.com,www.sxyjcg.com,www.sxyjcg.com,第三方综合,聚合平台,review,第三方平台需结合现有口径审查后再决定是否导入,1,1,1,third_party_trading_platform,no_match,0,,,,,,,D-企业采购与第三方待定,manual_review_low
265,第三方交易平台,,金蝉电子招投标综合交易平台,http://www.jcebid.com,http://www.jcebid.com,www.jcebid.com,www.jcebid.com,第三方综合,聚合平台,review,第三方平台需结合现有口径审查后再决定是否导入,1,1,1,third_party_trading_platform,no_match,0,,,,,,,D-企业采购与第三方待定,manual_review_low
266,第三方交易平台,,伟拓招标采购交易平台,http://www.wtjypt.com,http://www.wtjypt.com,www.wtjypt.com,www.wtjypt.com,第三方综合,聚合平台,review,第三方平台需结合现有口径审查后再决定是否导入,1,1,1,third_party_trading_platform,no_match,0,,,,,,,D-企业采购与第三方待定,manual_review_low
267,第三方交易平台,,云采供内蒙古公共资源交易平台,http://nmg.86ztb.com,http://nmg.86ztb.com,nmg.86ztb.com,nmg.86ztb.com,第三方综合,聚合平台,review,第三方平台需结合现有口径审查后再决定是否导入,1,1,1,third_party_trading_platform,no_match,0,,,,,,,D-企业采购与第三方待定,manual_review_low
268,第三方交易平台,,内蒙古电子招标投标交易平台,http://nmgxh.86ztb.com,http://nmgxh.86ztb.com,nmgxh.86ztb.com,nmgxh.86ztb.com,第三方综合,聚合平台,review,第三方平台需结合现有口径审查后再决定是否导入,1,1,1,third_party_trading_platform,no_match,0,,,,,,,D-企业采购与第三方待定,manual_review_low
269,第三方交易平台,,内蒙古宣宇电子交易平台,http://www.nmgxuanyu.com,http://www.nmgxuanyu.com,www.nmgxuanyu.com,www.nmgxuanyu.com,第三方综合,聚合平台,review,第三方平台需结合现有口径审查后再决定是否导入,1,1,1,third_party_trading_platform,no_match,0,,,,,,,D-企业采购与第三方待定,manual_review_low
270,第三方交易平台,,阳光臻达电子招投标平台,http://www.ygzdztb.com,http://www.ygzdztb.com,www.ygzdztb.com,www.ygzdztb.com,第三方综合,聚合平台,review,第三方平台需结合现有口径审查后再决定是否导入,1,1,1,third_party_trading_platform,no_match,0,,,,,,,D-企业采购与第三方待定,manual_review_low
271,第三方交易平台,,易土365电子招投标平台,http://www.etu365.com,http://www.etu365.com,www.etu365.com,www.etu365.com,第三方综合,聚合平台,review,第三方平台需结合现有口径审查后再决定是否导入,1,1,1,third_party_trading_platform,no_match,0,,,,,,,D-企业采购与第三方待定,manual_review_low
272,第三方交易平台,,一联易招电子招投标交易平台,http://www.ebid.sh.cn,http://www.ebid.sh.cn,www.ebid.sh.cn,www.ebid.sh.cn,第三方综合,聚合平台,review,第三方平台需结合现有口径审查后再决定是否导入,1,1,1,third_party_trading_platform,no_match,0,,,,,,,D-企业采购与第三方待定,manual_review_low
273,第三方交易平台,,招采进宝,https://www.zcjb.com.cn/,https://www.zcjb.com.cn/,www.zcjb.com.cn,www.zcjb.com.cn,第三方综合,聚合平台,review,第三方平台需结合现有口径审查后再决定是否导入,1,1,1,third_party_trading_platform,no_match,0,,,,,,,D-企业采购与第三方待定,manual_review_low
274,第三方交易平台,,江苏海企招标业务管理系统,http://www.jociec.com/ebidding/login,http://www.jociec.com/ebidding/login,www.jociec.com/ebidding/login,www.jociec.com/ebidding/login,第三方综合,登录入口,exclude,疑似登录页、审批/商城/超市类入口，不适合作为主站点库导入,1,1,1,exclude_noise,no_match,0,,,,,,,E-排除,exclude
275,第三方交易平台,,新点高校采购平台,http://www.ebidding.cn,http://www.ebidding.cn,www.ebidding.cn,www.ebidding.cn,第三方综合,聚合平台,review,第三方平台需结合现有口径审查后再决定是否导入,1,1,1,third_party_trading_platform,no_match,0,,,,,,,D-企业采购与第三方待定,manual_review_low
276,第三方交易平台,,华招药械交易平台,http://www.hzmed.com/,http://www.hzmed.com/,www.hzmed.com,www.hzmed.com,第三方综合,聚合平台,review,第三方平台需结合现有口径审查后再决定是否导入,1,1,1,third_party_trading_platform,no_match,0,,,,,,,D-企业采购与第三方待定,manual_review_low
277,第三方交易平台,,旺采网,http://www.5ibid.net,http://www.5ibid.net,www.5ibid.net,www.5ibid.net,第三方综合,聚合平台,review,第三方平台需结合现有口径审查后再决定是否导入,1,1,1,third_party_trading_platform,no_match,0,,,,,,,D-企业采购与第三方待定,manual_review_low
278,第三方交易平台,,南京鑫智链科技信息有限公司交易平台,http://mq.nisco.cn,http://mq.nisco.cn,mq.nisco.cn,mq.nisco.cn,第三方综合,聚合平台,review,第三方平台需结合现有口径审查后再决定是否导入,1,1,1,third_party_trading_platform,no_match,0,,,,,,,D-企业采购与第三方待定,manual_review_low
279,第三方交易平台,,江苏省机电设备招标投标交易平台,http://www.szyc99.cn,http://www.szyc99.cn,www.szyc99.cn,www.szyc99.cn,第三方综合,聚合平台,review,第三方平台需结合现有口径审查后再决定是否导入,1,1,1,third_party_trading_platform,no_match,0,,,,,,,D-企业采购与第三方待定,manual_review_low
280,第三方交易平台,,E交易,https://www.ejy365.com/,https://www.ejy365.com/,www.ejy365.com,www.ejy365.com,第三方综合,聚合平台,review,第三方平台需结合现有口径审查后再决定是否导入,1,1,1,third_party_trading_platform,no_match,0,,,,,,,D-企业采购与第三方待定,manual_review_low
281,第三方交易平台,,新点电子交易平台菏泽专区,http://ggzy.hzsggzyjyzx.gov.cn/hzweb/,http://ggzy.hzsggzyjyzx.gov.cn/hzweb/,ggzy.hzsggzyjyzx.gov.cn/hzweb,ggzy.hzsggzyjyzx.gov.cn/hzweb,第三方综合,聚合平台,review,第三方平台需结合现有口径审查后再决定是否导入,1,1,1,third_party_trading_platform,no_match,0,,,,,,,D-企业采购与第三方待定,manual_review_low
282,第三方交易平台,,新点电子交易平台,http://www.etrading.cn,http://www.etrading.cn,www.etrading.cn,www.etrading.cn,第三方综合,聚合平台,review,第三方平台需结合现有口径审查后再决定是否导入,1,1,1,third_party_trading_platform,no_match,0,,,,,,,D-企业采购与第三方待定,manual_review_low
283,第三方交易平台,,中国e车网,http://www.ecrrc.com,http://www.ecrrc.com,www.ecrrc.com,www.ecrrc.com,第三方综合,聚合平台,review,第三方平台需结合现有口径审查后再决定是否导入,1,1,1,third_party_trading_platform,no_match,0,,,,,,,D-企业采购与第三方待定,manual_review_low
284,第三方交易平台,,政采云电子招投标系统,http://www.zhengcaiyun.cn,http://www.zhengcaiyun.cn,www.zhengcaiyun.cn,www.zhengcaiyun.cn,第三方综合,聚合平台,review,第三方平台需结合现有口径审查后再决定是否导入,1,1,1,cloud_platform_variant,no_match,0,,,,,,,C-企业招投标与云平台审查,manual_review_high
285,第三方交易平台,,嗨招电子招标采购平台,http://www.hibidding.com,http://www.hibidding.com,www.hibidding.com,www.hibidding.com,第三方综合,聚合平台,review,第三方平台需结合现有口径审查后再决定是否导入,1,1,1,third_party_trading_platform,no_match,0,,,,,,,D-企业采购与第三方待定,manual_review_low
286,第三方交易平台,,招天下招投标交易平台,http://www.zhaotx.cn/,http://www.zhaotx.cn/,www.zhaotx.cn,www.zhaotx.cn,第三方综合,聚合平台,review,第三方平台需结合现有口径审查后再决定是否导入,1,1,1,third_party_trading_platform,no_match,0,,,,,,,D-企业采购与第三方待定,manual_review_low
287,第三方交易平台,,招必得-建易招标采购平台,http://www.zhaobide.com,http://www.zhaobide.com,www.zhaobide.com,www.zhaobide.com,第三方综合,聚合平台,review,第三方平台需结合现有口径审查后再决定是否导入,1,1,1,third_party_trading_platform,no_match,0,,,,,,,D-企业采购与第三方待定,manual_review_low
288,第三方交易平台,,明信阳光电子招标采购交易平台,http://www.51ygcg.com/,http://www.51ygcg.com/,www.51ygcg.com,www.51ygcg.com,第三方综合,聚合平台,review,第三方平台需结合现有口径审查后再决定是否导入,1,1,1,third_party_trading_platform,no_match,0,,,,,,,D-企业采购与第三方待定,manual_review_low
289,第三方交易平台,,安招采,http://www.anzhaocai.com,http://www.anzhaocai.com,www.anzhaocai.com,www.anzhaocai.com,第三方综合,聚合平台,review,第三方平台需结合现有口径审查后再决定是否导入,1,1,1,third_party_trading_platform,no_match,0,,,,,,,D-企业采购与第三方待定,manual_review_low
290,第三方交易平台,,优质采电子交易平台,http://www.youzhicai.com/,http://www.youzhicai.com/,www.youzhicai.com,www.youzhicai.com,第三方综合,聚合平台,review,第三方平台需结合现有口径审查后再决定是否导入,1,1,1,third_party_trading_platform,no_match,0,,,,,,,D-企业采购与第三方待定,manual_review_low
291,第三方交易平台,,信e采,http://www.xinecai.com/,http://www.xinecai.com/,www.xinecai.com,www.xinecai.com,第三方综合,聚合平台,review,第三方平台需结合现有口径审查后再决定是否导入,1,1,1,third_party_trading_platform,no_match,0,,,,,,,D-企业采购与第三方待定,manual_review_low
292,第三方交易平台,,水利部淮河水利委员会安徽省水利厅电子交易平台,http://www.anzhaobid.com,http://www.anzhaobid.com,www.anzhaobid.com,www.anzhaobid.com,第三方综合,聚合平台,review,第三方平台需结合现有口径审查后再决定是否导入,1,1,1,third_party_trading_platform,no_match,0,,,,,,,D-企业采购与第三方待定,manual_review_low
293,第三方交易平台,,E共享电子招投标交易平台,http://ebid-fjjt.okap.com,http://ebid-fjjt.okap.com,ebid-fjjt.okap.com,ebid-fjjt.okap.com,第三方综合,聚合平台,review,第三方平台需结合现有口径审查后再决定是否导入,1,1,1,third_party_trading_platform,no_match,0,,,,,,,D-企业采购与第三方待定,manual_review_low
294,第三方交易平台,,海易招电子招标投标交易平台,http://www.hyebid.cn/hyweb/hyebid/hyIndex.do,http://www.hyebid.cn/hyweb/hyebid/hyIndex.do,www.hyebid.cn/hyweb/hyebid/hyindex.do,www.hyebid.cn/hyweb/hyebid/hyIndex.do,第三方综合,聚合平台,review,第三方平台需结合现有口径审查后再决定是否导入,1,1,1,third_party_trading_platform,no_match,0,,,,,,,D-企业采购与第三方待定,manual_review_low
295,第三方交易平台,,黑猫集团招采平台,http://www.hmjtztb.com,http://www.hmjtztb.com,www.hmjtztb.com,www.hmjtztb.com,第三方综合,聚合平台,review,第三方平台需结合现有口径审查后再决定是否导入,1,1,1,third_party_trading_platform,no_match,0,,,,,,,D-企业采购与第三方待定,manual_review_low
296,第三方交易平台,,青岛国信招投标采购平台,http://eps.qdgxjt.com/cms/index.htm,http://eps.qdgxjt.com/cms/index.htm,eps.qdgxjt.com/cms/index.htm,eps.qdgxjt.com/cms/index.htm,第三方综合,聚合平台,review,第三方平台需结合现有口径审查后再决定是否导入,1,1,1,third_party_trading_platform,no_match,0,,,,,,,D-企业采购与第三方待定,manual_review_low
297,第三方交易平台,,齐鲁采购与招标网,http://www.qlebid.com/,http://www.qlebid.com/,www.qlebid.com,www.qlebid.com,第三方综合,聚合平台,review,第三方平台需结合现有口径审查后再决定是否导入,1,1,1,third_party_trading_platform,no_match,0,,,,,,,D-企业采购与第三方待定,manual_review_low
298,第三方交易平台,,爱建云招标采购电子交易平台,http://www.aijianyun.com/,http://www.aijianyun.com/,www.aijianyun.com,www.aijianyun.com,第三方综合,聚合平台,review,第三方平台需结合现有口径审查后再决定是否导入,1,1,1,third_party_trading_platform,no_match,0,,,,,,,D-企业采购与第三方待定,manual_review_low
299,第三方交易平台,,赢标电子招标采购交易平台,http://www.fzbidding.com,http://www.fzbidding.com,www.fzbidding.com,www.fzbidding.com,第三方综合,聚合平台,review,第三方平台需结合现有口径审查后再决定是否导入,1,1,1,third_party_trading_platform,no_match,0,,,,,,,D-企业采购与第三方待定,manual_review_low
300,第三方交易平台,,鲁采采电子招投标交易平台,https://www.lucaicai.com,https://www.lucaicai.com,www.lucaicai.com,www.lucaicai.com,第三方综合,聚合平台,review,第三方平台需结合现有口径审查后再决定是否导入,1,1,1,third_party_trading_platform,no_match,0,,,,,,,D-企业采购与第三方待定,manual_review_low
301,第三方交易平台,,中原招标采购交易平台,http://www.zybtp.com,http://www.zybtp.com,www.zybtp.com,www.zybtp.com,第三方综合,聚合平台,review,第三方平台需结合现有口径审查后再决定是否导入,1,1,1,third_party_trading_platform,no_match,0,,,,,,,D-企业采购与第三方待定,manual_review_low
302,第三方交易平台,,招E采公共资源交易平台,http://www.zhaoecai.com/ebid/index,http://www.zhaoecai.com/ebid/index,www.zhaoecai.com/ebid/index,www.zhaoecai.com/ebid/index,第三方综合,聚合平台,review,第三方平台需结合现有口径审查后再决定是否导入,1,1,1,third_party_trading_platform,no_match,0,,,,,,,D-企业采购与第三方待定,manual_review_low
303,第三方交易平台,,河南阳光电子招标采购交易平台,http://www.sunbidding.com,http://www.sunbidding.com,www.sunbidding.com,www.sunbidding.com,第三方综合,聚合平台,review,第三方平台需结合现有口径审查后再决定是否导入,1,1,1,third_party_trading_platform,no_match,0,,,,,,,D-企业采购与第三方待定,manual_review_low
304,第三方交易平台,,河南豫信公共资源交易平台,http://www.hnyxggzy.com/,http://www.hnyxggzy.com/,www.hnyxggzy.com,www.hnyxggzy.com,第三方综合,聚合平台,review,第三方平台需结合现有口径审查后再决定是否导入,1,1,1,third_party_trading_platform,no_match,0,,,,,,,D-企业采购与第三方待定,manual_review_low
305,第三方交易平台,,中科河南公共资源交易平台,http://www.zhongkehenan.com/,http://www.zhongkehenan.com/,www.zhongkehenan.com,www.zhongkehenan.com,第三方综合,聚合平台,review,第三方平台需结合现有口径审查后再决定是否导入,1,1,1,third_party_trading_platform,no_match,0,,,,,,,D-企业采购与第三方待定,manual_review_low
306,第三方交易平台,,楚天云采交易平台,http://www.hbebidding.com.cn/,http://www.hbebidding.com.cn/,www.hbebidding.com.cn,www.hbebidding.com.cn,第三方综合,聚合平台,review,第三方平台需结合现有口径审查后再决定是否导入,1,1,1,third_party_trading_platform,no_match,0,,,,,,,D-企业采购与第三方待定,manual_review_low
307,第三方交易平台,,国采全流程电子化交易系统（3.0）,http://www.cppchina.cn/,http://www.cppchina.cn/,www.cppchina.cn,www.cppchina.cn,第三方综合,聚合平台,review,第三方平台需结合现有口径审查后再决定是否导入,1,1,1,third_party_trading_platform,no_match,0,,,,,,,D-企业采购与第三方待定,manual_review_low
308,第三方交易平台,,东风招投标交易中心电子交易平台,https://www.dongfengtc.com/,https://www.dongfengtc.com/,www.dongfengtc.com,www.dongfengtc.com,第三方综合,聚合平台,review,第三方平台需结合现有口径审查后再决定是否导入,1,1,1,third_party_trading_platform,no_match,0,,,,,,,D-企业采购与第三方待定,manual_review_low
309,第三方交易平台,,优智易采电子招标采购平台,https://yzyc.mzxxkj.com/,https://yzyc.mzxxkj.com/,yzyc.mzxxkj.com,yzyc.mzxxkj.com,第三方综合,聚合平台,review,第三方平台需结合现有口径审查后再决定是否导入,1,1,1,third_party_trading_platform,no_match,0,,,,,,,D-企业采购与第三方待定,manual_review_low
310,第三方交易平台,,易建采电子招标投标平台,http://www.epc1688.com,http://www.epc1688.com,www.epc1688.com,www.epc1688.com,第三方综合,聚合平台,review,第三方平台需结合现有口径审查后再决定是否导入,1,1,1,third_party_trading_platform,no_match,0,,,,,,,D-企业采购与第三方待定,manual_review_low
311,第三方交易平台,,一毂清风电子招投标交易系统,http://www.hbncp.com.cn,http://www.hbncp.com.cn,www.hbncp.com.cn,www.hbncp.com.cn,第三方综合,聚合平台,review,第三方平台需结合现有口径审查后再决定是否导入,1,1,1,third_party_trading_platform,no_match,0,,,,,,,D-企业采购与第三方待定,manual_review_low
312,第三方交易平台,,招采猫电子交易平台,http://www.bidcat.cn,http://www.bidcat.cn,www.bidcat.cn,www.bidcat.cn,第三方综合,聚合平台,review,第三方平台需结合现有口径审查后再决定是否导入,1,1,1,third_party_trading_platform,no_match,0,,,,,,,D-企业采购与第三方待定,manual_review_low
313,第三方交易平台,,广咨电子招投标交易平台,http://www.gzebid.cn,http://www.gzebid.cn,www.gzebid.cn,www.gzebid.cn,第三方综合,聚合平台,review,第三方平台需结合现有口径审查后再决定是否导入,1,1,1,third_party_trading_platform,no_match,0,,,,,,,D-企业采购与第三方待定,manual_review_low
314,第三方交易平台,,广东省机电设备招标中心有限公司电子招标采购交易平台,http://www.gdebidding.com,http://www.gdebidding.com,www.gdebidding.com,www.gdebidding.com,第三方综合,聚合平台,review,第三方平台需结合现有口径审查后再决定是否导入,1,1,1,third_party_trading_platform,no_match,0,,,,,,,D-企业采购与第三方待定,manual_review_low
315,第三方交易平台,,中易电子交易平台,http://www.cotenders.cn,http://www.cotenders.cn,www.cotenders.cn,www.cotenders.cn,第三方综合,聚合平台,review,第三方平台需结合现有口径审查后再决定是否导入,1,1,1,third_party_trading_platform,no_match,0,,,,,,,D-企业采购与第三方待定,manual_review_low
316,第三方交易平台,,云采链线上采购一体化平台,http://www.choicelink.cn/,http://www.choicelink.cn/,www.choicelink.cn,www.choicelink.cn,第三方综合,聚合平台,review,第三方平台需结合现有口径审查后再决定是否导入,1,1,1,third_party_trading_platform,no_match,0,,,,,,,D-企业采购与第三方待定,manual_review_low
317,第三方交易平台,,广州国企阳光采购服务平台,http://cg.gemas.com.cn,http://cg.gemas.com.cn,cg.gemas.com.cn,cg.gemas.com.cn,第三方综合,聚合平台,review,第三方平台需结合现有口径审查后再决定是否导入,1,1,1,third_party_trading_platform,no_match,0,,,,,,,D-企业采购与第三方待定,manual_review_low
318,第三方交易平台,,南方招标与采购交易平台,http://www.eebidding.com,http://www.eebidding.com,www.eebidding.com,www.eebidding.com,第三方综合,聚合平台,review,第三方平台需结合现有口径审查后再决定是否导入,1,1,1,third_party_trading_platform,no_match,0,,,,,,,D-企业采购与第三方待定,manual_review_low
319,第三方交易平台,,国E电子招标采购服务平台,http://www.ebidding.com,http://www.ebidding.com,www.ebidding.com,www.ebidding.com,第三方综合,聚合平台,review,第三方平台需结合现有口径审查后再决定是否导入,1,1,1,third_party_trading_platform,no_match,0,,,,,,,D-企业采购与第三方待定,manual_review_low
320,第三方交易平台,,优管网电子招投标交易平台,http://bid.epipe.cn,http://bid.epipe.cn,bid.epipe.cn,bid.epipe.cn,第三方综合,聚合平台,review,第三方平台需结合现有口径审查后再决定是否导入,1,1,1,third_party_trading_platform,no_match,0,,,,,,,D-企业采购与第三方待定,manual_review_low
321,第三方交易平台,,云采供招投标在线,http://www.86ztb.com/index.html,http://www.86ztb.com/index.html,www.86ztb.com/index.html,www.86ztb.com/index.html,第三方综合,聚合平台,review,第三方平台需结合现有口径审查后再决定是否导入,1,1,1,third_party_trading_platform,no_match,0,,,,,,,D-企业采购与第三方待定,manual_review_low
322,第三方交易平台,,城轨采购网,http://www.mtrmart.com,http://www.mtrmart.com,www.mtrmart.com,www.mtrmart.com,第三方综合,聚合平台,review,第三方平台需结合现有口径审查后再决定是否导入,1,1,1,third_party_trading_platform,no_match,0,,,,,,,D-企业采购与第三方待定,manual_review_low
323,第三方交易平台,,成都国采交易中心,http://star.cdguowan.com/,http://star.cdguowan.com/,star.cdguowan.com,star.cdguowan.com,第三方综合,聚合平台,review,第三方平台需结合现有口径审查后再决定是否导入,1,1,1,third_party_trading_platform,no_match,0,,,,,,,D-企业采购与第三方待定,manual_review_low
324,第三方交易平台,,阳光慧采电子交易平台,https://www.ezb.net.cn/,https://www.ezb.net.cn/,www.ezb.net.cn,www.ezb.net.cn,第三方综合,聚合平台,review,第三方平台需结合现有口径审查后再决定是否导入,1,1,1,third_party_trading_platform,no_match,0,,,,,,,D-企业采购与第三方待定,manual_review_low
325,第三方交易平台,,中国工程物理研究院电子招投标平台,http://ztbxx.caep.ac.cn,http://ztbxx.caep.ac.cn,ztbxx.caep.ac.cn,ztbxx.caep.ac.cn,第三方综合,聚合平台,review,第三方平台需结合现有口径审查后再决定是否导入,1,1,1,third_party_trading_platform,no_match,0,,,,,,,D-企业采购与第三方待定,manual_review_low
326,第三方交易平台,,滙招标电子招投标交易平台,https://www.huizhaobiao.net.cn/,https://www.huizhaobiao.net.cn/,www.huizhaobiao.net.cn,www.huizhaobiao.net.cn,第三方综合,聚合平台,review,第三方平台需结合现有口径审查后再决定是否导入,1,1,1,third_party_trading_platform,no_match,0,,,,,,,D-企业采购与第三方待定,manual_review_low
327,第三方交易平台,,黔云招采电子招标采购交易平台,http://www.e-qyzc.com,http://www.e-qyzc.com,www.e-qyzc.com,www.e-qyzc.com,第三方综合,聚合平台,review,第三方平台需结合现有口径审查后再决定是否导入,1,1,1,third_party_trading_platform,no_match,0,,,,,,,D-企业采购与第三方待定,manual_review_low
328,第三方交易平台,,云采招阳,https://www.ebidcn.com,https://www.ebidcn.com,www.ebidcn.com,www.ebidcn.com,第三方综合,聚合平台,review,第三方平台需结合现有口径审查后再决定是否导入,1,1,1,third_party_trading_platform,no_match,0,,,,,,,D-企业采购与第三方待定,manual_review_low
329,第三方交易平台,,龙标电子招标投标交易平台,https://www.elongbiao.com/,https://www.elongbiao.com/,www.elongbiao.com,www.elongbiao.com,第三方综合,聚合平台,review,第三方平台需结合现有口径审查后再决定是否导入,1,1,1,third_party_trading_platform,no_match,0,,,,,,,D-企业采购与第三方待定,manual_review_low
330,第三方交易平台,,易能智招电子交易平台,http://www.ynzhzh.com,http://www.ynzhzh.com,www.ynzhzh.com,www.ynzhzh.com,第三方综合,聚合平台,review,第三方平台需结合现有口径审查后再决定是否导入,1,1,1,third_party_trading_platform,no_match,0,,,,,,,D-企业采购与第三方待定,manual_review_low
331,第三方交易平台,,河北省招标投标行政监督平台,https://szj.hebei.gov.cn/zbtbjdpt/,https://szj.hebei.gov.cn/zbtbjdpt/,szj.hebei.gov.cn/zbtbjdpt,szj.hebei.gov.cn/zbtbjdpt,第三方综合,聚合平台,review,第三方平台需结合现有口径审查后再决定是否导入,1,1,1,third_party_regulatory_noise,no_match,0,,,,,,,D-企业采购与第三方待定,exclude_candidate
