type,name,module,path,hash
"csv","agent-manifest","_cfg","bmad/_cfg/agent-manifest.csv","dc7e47871956d51fed0370fa144113bd5f5a00d44a96f544a3f647457a37bcc3"
"csv","task-manifest","_cfg","bmad/_cfg/task-manifest.csv","a569230ad46c5410fcb4acb60f5ac2dcabaf0c072bc36afc66e4741ccca734ec"
"csv","workflow-manifest","_cfg","bmad/_cfg/workflow-manifest.csv","ce8b9e8e5cf3fd49eb5fd30c2b6235840a165cf368ddde8565f66effde4c98e0"
"yaml","manifest","_cfg","bmad/_cfg/manifest.yaml","d9ce54711293260d70b5f6c69b9ec850d59336c60a5628d35d258f4be2c2bbbd"
"csv","common-workflow-tools","bmb","bmad/bmb/docs/workflows/common-workflow-tools.csv","da69dee75a5a81659c21e6ae08f0ef423e089d7fcb1d6fce10566bbfe9acfaff"
"csv","communication-presets","bmb","bmad/bmb/workflows/create-agent/data/communication-presets.csv","1d40b718418c672b19700516f03479dce199fb3646ff26250536e42113a91224"
"csv","dietary-restrictions","bmb","bmad/bmb/reference/workflows/meal-prep-nutrition/data/dietary-restrictions.csv","ccde18712553d55ea63ca85d6d1f10e74086d4f47a03dec65141d4bb9942592b"
"csv","dietary-restrictions","bmb","bmad/bmb/workflows/create-agent/data/reference/workflows/meal-prep-nutrition/data/dietary-restrictions.csv","ccde18712553d55ea63ca85d6d1f10e74086d4f47a03dec65141d4bb9942592b"
"csv","kb","bmb","bmad/bmb/docs/agents/kb.csv","e3b0c44298fc1c149afbf4c8996fb92427ae41e4649b934ca495991b7852b855"
"csv","kb","bmb","bmad/bmb/docs/workflows/kb.csv","e3b0c44298fc1c149afbf4c8996fb92427ae41e4649b934ca495991b7852b855"
"csv","macro-calculator","bmb","bmad/bmb/reference/workflows/meal-prep-nutrition/data/macro-calculator.csv","6f218ae98911f5c2200a72c94cf85a45a4928a6d3208a23acf9c2e34b06e494c"
"csv","macro-calculator","bmb","bmad/bmb/workflows/create-agent/data/reference/workflows/meal-prep-nutrition/data/macro-calculator.csv","6f218ae98911f5c2200a72c94cf85a45a4928a6d3208a23acf9c2e34b06e494c"
"csv","recipe-database","bmb","bmad/bmb/reference/workflows/meal-prep-nutrition/data/recipe-database.csv","f97b38bc7405369cfd8a7d88b39708af8df2bcb9c9867313aef9e8b555291e88"
"csv","recipe-database","bmb","bmad/bmb/workflows/create-agent/data/reference/workflows/meal-prep-nutrition/data/recipe-database.csv","f97b38bc7405369cfd8a7d88b39708af8df2bcb9c9867313aef9e8b555291e88"
"js","installer","bmb","bmad/bmb/workflows-legacy/create-module/installer-templates/installer.js","309ecdf2cebbb213a9139e5b7780d0d42bd60f665c497691773f84202e6667a7"
"md","agent_commands","bmb","bmad/bmb/workflows/create-agent/templates/agent_commands.md","e65ed1674b8064467059adaf5432aabf937a5420e7a59801f2c1e166766f403a"
"md","agent_persona","bmb","bmad/bmb/workflows/create-agent/templates/agent_persona.md","a4da0b314ac04a59e574f78948d9527591f1327ffc648f0e82b56c9c5f5e2273"
"md","agent_purpose_and_type","bmb","bmad/bmb/workflows/create-agent/templates/agent_purpose_and_type.md","e7b69190e3ef74319ebc26be12405c0a4bcfb6fb079d65ec545392237e799711"
"md","agent-compilation","bmb","bmad/bmb/docs/agents/agent-compilation.md","c3deb71c4e04035f6cb9e4d39500ffa37d751c82ed27dda33c09fcc9f9c11a42"
"md","agent-menu-patterns","bmb","bmad/bmb/docs/agents/agent-menu-patterns.md","9e4449ad6c4ae490dbbb36856999e01e92b7cffbd8aacdd3b0711dfcca1c263e"
"md","agent-validation-checklist","bmb","bmad/bmb/workflows/create-agent/data/agent-validation-checklist.md","7b1172ac27735a8adcd02448692b652bd6d089fdab3ea667b5bec7c724f240e9"
"md","architecture","bmb","bmad/bmb/docs/workflows/architecture.md","8edd4ff277a4d8280c6e9df062721f2200e769e5859866fffa6b3f3ce5b1ccc4"
"md","assessment-section","bmb","bmad/bmb/reference/workflows/meal-prep-nutrition/templates/assessment-section.md","9fa8380217ce2ecb29e05d4023e0e5c17c84b5880e9af92df45a57a7dc2f2fb1"
"md","assessment-section","bmb","bmad/bmb/workflows/create-agent/data/reference/workflows/meal-prep-nutrition/templates/assessment-section.md","9fa8380217ce2ecb29e05d4023e0e5c17c84b5880e9af92df45a57a7dc2f2fb1"
"md","bmad-builder","bmb","bmad/bmb/agents/bmad-builder.md","0a005d3d2d5fbeb0120f4a47657f61843d7f9a7d83e46f555f8abf6eac177211"
"md","brainstorm-context","bmb","bmad/bmb/workflows/create-agent/data/brainstorm-context.md","576d7a02935ef4e34bdc6476527b658d954bb490b8d09b09ef7e0cf58712d96f"
"md","brainstorm-context","bmb","bmad/bmb/workflows-legacy/create-module/brainstorm-context.md","62b902177d2cb56df2d6a12e5ec5c7d75ec94770ce22ac72c96691a876ed2e6a"
"md","breakthroughs","bmb","bmad/bmb/reference/agents/expert-examples/journal-keeper/journal-keeper-sidecar/breakthroughs.md","f7eaba2c3f5f721d84bb9dc560f50840e79daeee026a139fe74aecccb5fd20c7"
"md","breakthroughs","bmb","bmad/bmb/workflows/create-agent/data/reference/agents/expert-examples/journal-keeper/journal-keeper-sidecar/breakthroughs.md","f7eaba2c3f5f721d84bb9dc560f50840e79daeee026a139fe74aecccb5fd20c7"
"md","build-summary","bmb","bmad/bmb/workflows/create-workflow/templates/build-summary.md","c944ecf70fbc175192a97f23f6f476a975ffb906b57948acedebd2269e0b057d"
"md","checklist","bmb","bmad/bmb/workflows-legacy/create-module/checklist.md","db26f4a13ae2b1947dc7159970486a7c18f3e5dc1d670ab63eb84a7bf3c5b571"
"md","checklist","bmb","bmad/bmb/workflows-legacy/edit-module/checklist.md","c0f599a80efb36ee184bcc5c94c903bbac31f335830a493ec9b8f47157ae5568"
"md","checklist","bmb","bmad/bmb/workflows-legacy/module-brief/checklist.md","4710f9c7e48a1cb29b225d43955bf313271dc7f9bb471bfecb1a8edf5f57a10a"
"md","completion-section","bmb","bmad/bmb/workflows/create-workflow/templates/completion-section.md","42315dacd1e7f4e7387c4e217968ecedd4980ec313f5627e485edaaadc0bba53"
"md","completion-summary","bmb","bmad/bmb/workflows/edit-workflow/templates/completion-summary.md","5fb732313bbf466c106e59c2c5d16d92be6e4f2a749fbd4f3d99415bddbeea1c"
"md","compliance-report","bmb","bmad/bmb/workflows/workflow-compliance-check/templates/compliance-report.md","01184bebdad49cc5b9a188f27b6998e7834de5c4dcdaa4f3d9f827a1b46d7037"
"md","content-template","bmb","bmad/bmb/workflows/create-workflow/templates/content-template.md","eb010c311fddf1f36ea3f6a3ea4137d9a31d207861253bdff0c5d8107a19e33b"
"md","csv-data-file-standards","bmb","bmad/bmb/docs/workflows/csv-data-file-standards.md","96fcc0e54f5607044adf0f50b10a5a74c12331b71469d5574765e635988406eb"
"md","design-section","bmb","bmad/bmb/workflows/create-workflow/templates/design-section.md","2d6f57df0b94916194801ffae1261fb4d8c2b864179d52ef230ef142ea705e13"
"md","expert-agent-architecture","bmb","bmad/bmb/docs/agents/expert-agent-architecture.md","79f02c8ddd86318ab62c0900b5c398a64e5e68b684e0349e35a2d2c262b7f659"
"md","improvement-goals","bmb","bmad/bmb/workflows/edit-workflow/templates/improvement-goals.md","d4f0b61a4a7327388ee23fac02e0cb3bf5fb34780f63d439aa060bc65a43fef4"
"md","improvement-log","bmb","bmad/bmb/workflows/edit-workflow/templates/improvement-log.md","3487cd5e19c56696e8c4bb92e45ee77a3f76bb70bb26509f751e39a7bdc79ca2"
"md","index","bmb","bmad/bmb/docs/agents/index.md","c9d5170e93a53af426d6f95f43c506780ac39b0fcbe725adb84a2e7c3f3fd989"
"md","index","bmb","bmad/bmb/docs/workflows/index.md","43f56996ccd0aa559bf54c7bdc490b2506ccff3f019b3dc6cd87669ae9e47a2c"
"md","info-and-installation-guide","bmb","bmad/bmb/workflows/create-agent/data/info-and-installation-guide.md","8837bc1339f9a9f0585b92120f597b4b6cda582e2d3d3ce08ebc082b0442c55b"
"md","instructions","bmb","bmad/bmb/reference/agents/expert-examples/journal-keeper/journal-keeper-sidecar/instructions.md","2875b03e1f6bde4e6af943fb869cae427047d3b1780815f0a88bb72427f9d644"
"md","instructions","bmb","bmad/bmb/workflows/create-agent/data/reference/agents/expert-examples/journal-keeper/journal-keeper-sidecar/instructions.md","2875b03e1f6bde4e6af943fb869cae427047d3b1780815f0a88bb72427f9d644"
"md","instructions","bmb","bmad/bmb/workflows-legacy/create-module/instructions.md","1e160150f3ccfb8359899d9ad4d85e9e01d6a4ce9046bc024be4b57ff064c6a2"
"md","instructions","bmb","bmad/bmb/workflows-legacy/edit-module/instructions.md","b6be0ac337129e4c5bd6099d8f50a10af462cba3d60cb46acb66525b31969842"
"md","instructions","bmb","bmad/bmb/workflows-legacy/module-brief/instructions.md","b27559b94047d2634d7fb1f2a46908c09f8f008bbae371f5d93820b33dda3b81"
"md","intent-vs-prescriptive-spectrum","bmb","bmad/bmb/docs/workflows/intent-vs-prescriptive-spectrum.md","def3cd9e350556da9c602db93b2db34b9aa96d965ef51ab85499c414d4ea1564"
"md","memories","bmb","bmad/bmb/reference/agents/expert-examples/journal-keeper/journal-keeper-sidecar/memories.md","4b5a835195284352544641a2bfd66a98dd51f714cc0059e034842f9d07d32aa6"
"md","memories","bmb","bmad/bmb/workflows/create-agent/data/reference/agents/expert-examples/journal-keeper/journal-keeper-sidecar/memories.md","4b5a835195284352544641a2bfd66a98dd51f714cc0059e034842f9d07d32aa6"
"md","module-agent-architecture","bmb","bmad/bmb/docs/agents/module-agent-architecture.md","38b2a907efa69dd1ea8df278cb59622e9ac753ae6839d159566799ca8ae143b7"
"md","module-structure","bmb","bmad/bmb/workflows-legacy/create-module/module-structure.md","88299cca005b44937db76348c8cca3ef1826367bd9993aa48b3aa01a674970d6"
"md","mood-patterns","bmb","bmad/bmb/reference/agents/expert-examples/journal-keeper/journal-keeper-sidecar/mood-patterns.md","40d9ca8c95efc1b121421df018e0d5f58010a32e250e60bb6f1c8f59530cff8d"
"md","mood-patterns","bmb","bmad/bmb/workflows/create-agent/data/reference/agents/expert-examples/journal-keeper/journal-keeper-sidecar/mood-patterns.md","40d9ca8c95efc1b121421df018e0d5f58010a32e250e60bb6f1c8f59530cff8d"
"md","nutrition-plan","bmb","bmad/bmb/reference/workflows/meal-prep-nutrition/templates/nutrition-plan.md","8622904f32a9de6e4a85059daa62f7a1277000df48d82b17eddfb39f25eb5a7d"
"md","nutrition-plan","bmb","bmad/bmb/workflows/create-agent/data/reference/workflows/meal-prep-nutrition/templates/nutrition-plan.md","8622904f32a9de6e4a85059daa62f7a1277000df48d82b17eddfb39f25eb5a7d"
"md","prep-schedule-section","bmb","bmad/bmb/reference/workflows/meal-prep-nutrition/templates/prep-schedule-section.md","1c770d8deb07863adee05fe91114ffe2f9b0d366d653f554c2cb39a847d3d3ed"
"md","prep-schedule-section","bmb","bmad/bmb/workflows/create-agent/data/reference/workflows/meal-prep-nutrition/templates/prep-schedule-section.md","1c770d8deb07863adee05fe91114ffe2f9b0d366d653f554c2cb39a847d3d3ed"
"md","profile-section","bmb","bmad/bmb/reference/workflows/meal-prep-nutrition/templates/profile-section.md","8f2df3ab5d41f229f401b153d54d67818e3205ef06b7ca5cfc6439f21112be74"
"md","profile-section","bmb","bmad/bmb/workflows/create-agent/data/reference/workflows/meal-prep-nutrition/templates/profile-section.md","8f2df3ab5d41f229f401b153d54d67818e3205ef06b7ca5cfc6439f21112be74"
"md","project-info","bmb","bmad/bmb/workflows/create-workflow/templates/project-info.md","2733cc4c3c18bff82c6e681294988b22bfa16be15a627d5a5ffe873aefb93f0a"
"md","README","bmb","bmad/bmb/README.md","73b4d02167e7eb6e86ec0052c3e56e19f9a66fe0fa5390814752183a186f51c3"
"md","README","bmb","bmad/bmb/reference/README.md","fd0dcb1c9acd089b6855dcfc89a74c9c27e4b1637d3c2c2e8db4cde2fb1140eb"
"md","README","bmb","bmad/bmb/reference/agents/expert-examples/journal-keeper/README.md","4d8fb27d4e0993d9a60d21a19c92806bc1cb10488b4c203d688b8b636b01782b"
"md","README","bmb","bmad/bmb/reference/agents/module-examples/README.md","adf6d91242dbacf27789df4dff2e27c3cab8f383ea25a028ae51aa284cf88d73"
"md","README","bmb","bmad/bmb/reference/agents/simple-examples/README.md","645ad486a3cf20b6e57d60255571c890a57af59522b42e675a553ba8cdc38b2b"
"md","README","bmb","bmad/bmb/workflows/create-agent/data/reference/README.md","fd0dcb1c9acd089b6855dcfc89a74c9c27e4b1637d3c2c2e8db4cde2fb1140eb"
"md","README","bmb","bmad/bmb/workflows/create-agent/data/reference/agents/expert-examples/journal-keeper/README.md","4d8fb27d4e0993d9a60d21a19c92806bc1cb10488b4c203d688b8b636b01782b"
"md","README","bmb","bmad/bmb/workflows/create-agent/data/reference/agents/module-examples/README.md","adf6d91242dbacf27789df4dff2e27c3cab8f383ea25a028ae51aa284cf88d73"
"md","README","bmb","bmad/bmb/workflows/create-agent/data/reference/agents/simple-examples/README.md","645ad486a3cf20b6e57d60255571c890a57af59522b42e675a553ba8cdc38b2b"
"md","README","bmb","bmad/bmb/workflows-legacy/create-module/README.md","539d3d12d78efcbe0b8b1a21a3916655b8a7356f763844aa6c735b7e8e8bb7e4"
"md","README","bmb","bmad/bmb/workflows-legacy/edit-module/README.md","807df3d74f673399042331e4c5034466d8f146c4b2cdb39fe63ccde6f4509843"
"md","README","bmb","bmad/bmb/workflows-legacy/module-brief/README.md","d52ab0914ec83b2b97fded6b0b278f55fe82bb1ac78cbe202c03cf761fcce8ea"
"md","requirements-section","bmb","bmad/bmb/workflows/create-workflow/templates/requirements-section.md","7271ff84c3f84432521cb63ad41f4a0ffe0b64a729f783d8a07ce015b2fbaca9"
"md","review-section","bmb","bmad/bmb/workflows/create-workflow/templates/review-section.md","cc9bb3ded2fb8c1437145f8b2ea63ece771623e67b431e2c5156351c498ff492"
"md","shopping-section","bmb","bmad/bmb/reference/workflows/meal-prep-nutrition/templates/shopping-section.md","8441562d59975a6126e27ef90cb20da97acacd4137b15bf47659c80838101b67"
"md","shopping-section","bmb","bmad/bmb/workflows/create-agent/data/reference/workflows/meal-prep-nutrition/templates/shopping-section.md","8441562d59975a6126e27ef90cb20da97acacd4137b15bf47659c80838101b67"
"md","simple-agent-architecture","bmb","bmad/bmb/docs/agents/simple-agent-architecture.md","69b30895960bf46d5b846134974afe3204bdac80abe3dc1b70ba8058ce3ccb29"
"md","step-01-analyze","bmb","bmad/bmb/workflows/edit-workflow/steps/step-01-analyze.md","af8434ccfac908a201bb4d8e1f69cd3f71e91514d0d65f51d6582fec8a82495d"
"md","step-01-brainstorm","bmb","bmad/bmb/workflows/create-agent/steps/step-01-brainstorm.md","affe72129e5d3c8738f05d6a7022b18a8583de4a5b024e517a9266337e480693"
"md","step-01-discover-intent","bmb","bmad/bmb/workflows/edit-agent/steps/step-01-discover-intent.md","b140d8ad80f7445c9c9af7cea4e4ff2eef44ff1d855df2eff32edd5d92cd57af"
"md","step-01-init","bmb","bmad/bmb/reference/workflows/meal-prep-nutrition/steps/step-01-init.md","201e5bc1a708861e29eb32dbaf507209df0d8014413f7b01b90e98b412a79909"
"md","step-01-init","bmb","bmad/bmb/workflows/create-agent/data/reference/workflows/meal-prep-nutrition/steps/step-01-init.md","201e5bc1a708861e29eb32dbaf507209df0d8014413f7b01b90e98b412a79909"
"md","step-01-init","bmb","bmad/bmb/workflows/create-workflow/steps/step-01-init.md","e25f895852197a120248b28bb32f474187a0ae5104eccb2dd84d7dc09d17221a"
"md","step-01-validate-goal","bmb","bmad/bmb/workflows/workflow-compliance-check/steps/step-01-validate-goal.md","f9fb605fe147c5de86755a17807b45870c8e709e2a34f5342fa3af10cc458a70"
"md","step-01b-continue","bmb","bmad/bmb/reference/workflows/meal-prep-nutrition/steps/step-01b-continue.md","67ff29b7de711e2d206163fb39c33619fe2c56cc062a85530b5c9d8d44073d56"
"md","step-01b-continue","bmb","bmad/bmb/workflows/create-agent/data/reference/workflows/meal-prep-nutrition/steps/step-01b-continue.md","67ff29b7de711e2d206163fb39c33619fe2c56cc062a85530b5c9d8d44073d56"
"md","step-02-analyze-agent","bmb","bmad/bmb/workflows/edit-agent/steps/step-02-analyze-agent.md","96e66288e8332ce4d154b895399890d665931717e64e5fdbc23cdbfc4add35c5"
"md","step-02-discover","bmb","bmad/bmb/workflows/create-agent/steps/step-02-discover.md","0aa20cf2bc32a4b630adaf8ee5c73d31479bc701d2910476405891845fd9040f"
"md","step-02-discover","bmb","bmad/bmb/workflows/edit-workflow/steps/step-02-discover.md","c27853f299141d73576e74531b5f21266b2240f124c466e427a88e55e789ec8c"
"md","step-02-gather","bmb","bmad/bmb/workflows/create-workflow/steps/step-02-gather.md","da419d2945ab384636c08c6a6d1231a677a14de2d64b6e3f1ef8e6262876778a"
"md","step-02-profile","bmb","bmad/bmb/reference/workflows/meal-prep-nutrition/steps/step-02-profile.md","919754b28ac87c20019a0c2f2ad3732af6f46e3c2afa775b2e9f5a5b4f12eaec"
"md","step-02-profile","bmb","bmad/bmb/workflows/create-agent/data/reference/workflows/meal-prep-nutrition/steps/step-02-profile.md","919754b28ac87c20019a0c2f2ad3732af6f46e3c2afa775b2e9f5a5b4f12eaec"
"md","step-02-workflow-validation","bmb","bmad/bmb/workflows/workflow-compliance-check/steps/step-02-workflow-validation.md","b0538960634f7313629a875dab39a6e5e6024b945d8032ecc652a15a517453dc"
"md","step-03-assessment","bmb","bmad/bmb/reference/workflows/meal-prep-nutrition/steps/step-03-assessment.md","0c9e683a94d965665a3ca1b1150bce1471b0c953552f3bd63a3272d3322e17e4"
"md","step-03-assessment","bmb","bmad/bmb/workflows/create-agent/data/reference/workflows/meal-prep-nutrition/steps/step-03-assessment.md","0c9e683a94d965665a3ca1b1150bce1471b0c953552f3bd63a3272d3322e17e4"
"md","step-03-improve","bmb","bmad/bmb/workflows/edit-workflow/steps/step-03-improve.md","e6259fe6ee9f10a5783206b144f5f1c3ed1937687ce1a406a8014c83c77c004b"
"md","step-03-persona","bmb","bmad/bmb/workflows/create-agent/steps/step-03-persona.md","4f0292d3b46de5cefab505a9424dd299fd7de6d511a4f6aafd9f00a6015d925e"
"md","step-03-propose-changes","bmb","bmad/bmb/workflows/edit-agent/steps/step-03-propose-changes.md","092f1e5bc79f205a6db475d19d5a61bc41e3862e7be56e9eac07bd92b1823f03"
"md","step-03-step-validation","bmb","bmad/bmb/workflows/workflow-compliance-check/steps/step-03-step-validation.md","583b26fb7f5ddb26c031dddb65cb2f7c3c9628436251ba364d869bbc1852de4b"
"md","step-03-tools-overview","bmb","bmad/bmb/workflows/create-workflow/steps/step-03-tools-overview.md","896a507070e0d2fb5f85de2b353bdfd39ad6d803f1424dc81374d8a7ae0d254f"
"md","step-04-apply-changes","bmb","bmad/bmb/workflows/edit-agent/steps/step-04-apply-changes.md","0d90b8e95453f732e1c9414070aebba76959bf207c0c37e471c4091780ab8a69"
"md","step-04-commands","bmb","bmad/bmb/workflows/create-agent/steps/step-04-commands.md","932ab6242bfb85d49d411d623059bbd75cb550204b64a7d34bad2ca54ca9b1c0"
"md","step-04-core-tools","bmb","bmad/bmb/workflows/create-workflow/steps/step-04-core-tools.md","9c8508c0f7ca5fd94bd7a22542183d38388fead2e2a33ffc88f74075d65c5092"
"md","step-04-file-validation","bmb","bmad/bmb/workflows/workflow-compliance-check/steps/step-04-file-validation.md","74e335f2ad60a933ccf5480ddf21396e5152471f21fd062dc3397876f0d54fc0"
"md","step-04-strategy","bmb","bmad/bmb/reference/workflows/meal-prep-nutrition/steps/step-04-strategy.md","4e9332b71cd15525ab738b57c5d234fad18e0d4ec4f65939b0b153fcc9e36316"
"md","step-04-strategy","bmb","bmad/bmb/workflows/create-agent/data/reference/workflows/meal-prep-nutrition/steps/step-04-strategy.md","4e9332b71cd15525ab738b57c5d234fad18e0d4ec4f65939b0b153fcc9e36316"
"md","step-04-validate","bmb","bmad/bmb/workflows/edit-workflow/steps/step-04-validate.md","5a0a41be7aa3889b3a5991dcf367bc2f6f122b44238392a8a9e7d8e363c32ae7"
"md","step-05-compliance-check","bmb","bmad/bmb/workflows/edit-workflow/steps/step-05-compliance-check.md","4813613c01ac129fd55d48258f6d508bef6d99b8c60373b7b4fe3ea815cd4007"
"md","step-05-intent-spectrum-validation","bmb","bmad/bmb/workflows/workflow-compliance-check/steps/step-05-intent-spectrum-validation.md","8abca03cae903be4fd26a2c0d2e916663c70de377f622052994f81e8cc3b9e49"
"md","step-05-memory-requirements","bmb","bmad/bmb/workflows/create-workflow/steps/step-05-memory-requirements.md","bdcf3e5520995f6ead07eabfb2540235d4f58e1c045a3e79cfa87c995cd3eda0"
"md","step-05-name","bmb","bmad/bmb/workflows/create-agent/steps/step-05-name.md","8f32e922c7bdc703484f9b65794e0d4170aba1cc3aae45ad4693655c3b4102cb"
"md","step-05-shopping","bmb","bmad/bmb/reference/workflows/meal-prep-nutrition/steps/step-05-shopping.md","5b48178f5f67f5982da7c83841b3b71c7723f28a3acef238bd447283f25f5f56"
"md","step-05-shopping","bmb","bmad/bmb/workflows/create-agent/data/reference/workflows/meal-prep-nutrition/steps/step-05-shopping.md","5b48178f5f67f5982da7c83841b3b71c7723f28a3acef238bd447283f25f5f56"
"md","step-05-validate","bmb","bmad/bmb/workflows/edit-agent/steps/step-05-validate.md","724486806a7bba7a5adf68cb3eb1d1cd7d6920df2a9b2f31625cf1eaba81dd7d"
"md","step-06-build","bmb","bmad/bmb/workflows/create-agent/steps/step-06-build.md","ad385580969f2f1528964862c0e67e8ad9fb6df5fae321fdd50f107b68595a81"
"md","step-06-external-tools","bmb","bmad/bmb/workflows/create-workflow/steps/step-06-external-tools.md","9c28e0a830e8ceec7361e6092a6647be610f7b6f922651a0285f8cf138a27ae0"
"md","step-06-prep-schedule","bmb","bmad/bmb/reference/workflows/meal-prep-nutrition/steps/step-06-prep-schedule.md","21b403032f5910ca5ccf63d0aa8ecdd406ab58356765640489436775bb13b4c3"
"md","step-06-prep-schedule","bmb","bmad/bmb/workflows/create-agent/data/reference/workflows/meal-prep-nutrition/steps/step-06-prep-schedule.md","21b403032f5910ca5ccf63d0aa8ecdd406ab58356765640489436775bb13b4c3"
"md","step-06-web-subprocess-validation","bmb","bmad/bmb/workflows/workflow-compliance-check/steps/step-06-web-subprocess-validation.md","978f1ae955b79b015b76aa09790ff8ca4b18983710453c5aec64e41d4a404308"
"md","step-07-holistic-analysis","bmb","bmad/bmb/workflows/workflow-compliance-check/steps/step-07-holistic-analysis.md","f1482f870138076ed4d5a378ff1b563bb6ff369de42bf663060b366e9175256c"
"md","step-07-installation-guidance","bmb","bmad/bmb/workflows/create-workflow/steps/step-07-installation-guidance.md","1950058774cae858d2504b9c2a5e83e12294d7f7697433c5b98a37814549c849"
"md","step-07-validate","bmb","bmad/bmb/workflows/create-agent/steps/step-07-validate.md","b96e794f351ff446dfa5b2911ffb02da2b5106f0e6db0304d19d24147aa87936"
"md","step-08-generate-report","bmb","bmad/bmb/workflows/workflow-compliance-check/steps/step-08-generate-report.md","834d0d6ebf2f66ff75b53be8fd5d6a4c6bfcf1a5b365a82ba24bcb3f5a017171"
"md","step-08-setup","bmb","bmad/bmb/workflows/create-agent/steps/step-08-setup.md","16dd12f2771fa9f546fa8d5f82fbd389d5abad459fda6e02a65391794475787c"
"md","step-08-tools-summary","bmb","bmad/bmb/workflows/create-workflow/steps/step-08-tools-summary.md","b99357b6d669c3adc24fcac728f87994e5fe14f235b2ce6c77ca1d4cf3e67da6"
"md","step-09-customize","bmb","bmad/bmb/workflows/create-agent/steps/step-09-customize.md","e3e8d2e7868098e245f7539708ebf867ca39b20dc73c5f33de1b43356b78ada7"
"md","step-09-design","bmb","bmad/bmb/workflows/create-workflow/steps/step-09-design.md","4acd8056527f686176fffd787229871248c66c7ee2a258fbbc780a38be041067"
"md","step-10-build-tools","bmb","bmad/bmb/workflows/create-agent/steps/step-10-build-tools.md","83982865d3c86c1bb3cd2bf92420ac1a359082f95f09290696441077f4ffe977"
"md","step-10-plan-review","bmb","bmad/bmb/workflows/create-workflow/steps/step-10-plan-review.md","358a2c8c5e538b29cb693d2eafc92899c43226a8636df042de88fa84ec706d4d"
"md","step-11-build","bmb","bmad/bmb/workflows/create-workflow/steps/step-11-build.md","0d37da8e40906ced4ddfbd525053ecacaaaea802cf5a46e1f31de97c37180bbf"
"md","step-11-celebrate","bmb","bmad/bmb/workflows/create-agent/steps/step-11-celebrate.md","0ed8a33745c825c82db33f2f6844e2d6c267b8e65df5416036032f99325d898a"
"md","step-12-review","bmb","bmad/bmb/workflows/create-workflow/steps/step-12-review.md","a084808c68c27ec269407348f21c9d3ffbab95689322b67209daff220f3da208"
"md","step-file","bmb","bmad/bmb/workflows/create-workflow/templates/step-file.md","cbd6e9440afb48854eb240efe7654a00475d7170c68194bebccdff2ddb19bf36"
"md","step-template","bmb","bmad/bmb/docs/workflows/step-template.md","1d822bd4d78818235f14f264557ffbdac17e83b0acf0342fefcd7495dc931abe"
"md","strategy-section","bmb","bmad/bmb/reference/workflows/meal-prep-nutrition/templates/strategy-section.md","0d75fedb5bedc07bd0e17a63f370b011f770d3d696eb7835cc07fa4fe5a77337"
"md","strategy-section","bmb","bmad/bmb/workflows/create-agent/data/reference/workflows/meal-prep-nutrition/templates/strategy-section.md","0d75fedb5bedc07bd0e17a63f370b011f770d3d696eb7835cc07fa4fe5a77337"
"md","template","bmb","bmad/bmb/workflows-legacy/module-brief/template.md","7d1ad5ec40b06510fcbb0a3da8ea32aefa493e5b04c3a2bba90ce5685b894275"
"md","terms","bmb","bmad/bmb/docs/workflows/terms.md","4335bbc77ca4ccb6ad8baf39a553325b92c047b3cfdfa1903079ea3ebe34b91c"
"md","understanding-agent-types","bmb","bmad/bmb/docs/agents/understanding-agent-types.md","7ce5cb1d5d6b2c804439f142e171717417314e4b0b62c3227b87bb6bfca1e2a5"
"md","validation-complete","bmb","bmad/bmb/workflows/create-agent/data/validation-complete.md","2dee12dfa3003f15b88328459c121a4d2bc35072169ba9f58ffcac7f043a0c27"
"md","validation-results","bmb","bmad/bmb/workflows/edit-workflow/templates/validation-results.md","97ed6deaab6c60849fdce797ace3c7c9a2bbb63f0fb3601cbe8d47895c4b6731"
"md","workflow","bmb","bmad/bmb/reference/workflows/meal-prep-nutrition/workflow.md","c979fa1468a9556cf2847ca38cd83311f339e66798833f4fa1c4fd7fd1707d4c"
"md","workflow","bmb","bmad/bmb/workflows/create-agent/data/reference/workflows/meal-prep-nutrition/workflow.md","c979fa1468a9556cf2847ca38cd83311f339e66798833f4fa1c4fd7fd1707d4c"
"md","workflow","bmb","bmad/bmb/workflows/create-agent/workflow.md","b3c789d7de1c10ce9ae53ac39292dc84378de840b2da94be6dfe44915a0398e8"
"md","workflow","bmb","bmad/bmb/workflows/create-workflow/templates/workflow.md","38eb4f83b6d506e1e83279c8edf22a8d437fabe2b12a18f1672fc83a519192e5"
"md","workflow","bmb","bmad/bmb/workflows/create-workflow/workflow.md","a1abef4c3b60f027f4492939b89751d62515c3323604cbf18f85ee78837b3ccf"
"md","workflow","bmb","bmad/bmb/workflows/edit-agent/workflow.md","a13314b8bfeb79687634897ac47f6ae3d65a997b133823664d99c14b85738cf2"
"md","workflow","bmb","bmad/bmb/workflows/edit-workflow/workflow.md","7b423301c2fa5b9c8efd412cfe1bb3e5634ea80979111104e548c930bef08195"
"md","workflow","bmb","bmad/bmb/workflows/workflow-compliance-check/workflow.md","0ef865d3405257a6c5182f13bf1ca8aab3783e61e5e161cd3f2e4b918774019d"
"md","workflow-analysis","bmb","bmad/bmb/workflows/edit-workflow/templates/workflow-analysis.md","9e2196c12fcdfbde8a074ea97a0d883cbe629c465e2b6ff52bb1619d687d6b8a"
"md","workflow-plan","bmb","bmad/bmb/workflows/create-workflow/templates/workflow-plan.md","ad54e8f04fc2fa1c2c32a612089830f77af17462f773be90a29f1f08e60b3324"
"md","workflow-template","bmb","bmad/bmb/docs/workflows/workflow-template.md","12fe27b458b1be9e4c3c6f2af3d9582f7b07c5fc966191f6833955ad648b272a"
"yaml","bmad-builder.agent","bmb","bmad/bmb/agents/bmad-builder.agent.yaml",""
"yaml","commit-poet.agent","bmb","bmad/bmb/reference/agents/simple-examples/commit-poet.agent.yaml","a57745f92808bba5788795c981c77c56a6b703baa25ccef0e3326280af4105a9"
"yaml","commit-poet.agent","bmb","bmad/bmb/workflows/create-agent/data/reference/agents/simple-examples/commit-poet.agent.yaml","a57745f92808bba5788795c981c77c56a6b703baa25ccef0e3326280af4105a9"
"yaml","config","bmb","bmad/bmb/config.yaml","46f5306fd9fd32c86ff44a85e8fe7ee017006d7422a9a56aed6a581bce749764"
"yaml","install-config","bmb","bmad/bmb/workflows-legacy/create-module/installer-templates/install-config.yaml","f20caf43009df9955b5fa0fa333851bf8b860568c05707d60ed295179c8abfde"
"yaml","journal-keeper.agent","bmb","bmad/bmb/reference/agents/expert-examples/journal-keeper/journal-keeper.agent.yaml","37b02124fa3ade0516ad25c7657aa031dbda0374cec89a0df6761c9a94f4590b"
"yaml","journal-keeper.agent","bmb","bmad/bmb/workflows/create-agent/data/reference/agents/expert-examples/journal-keeper/journal-keeper.agent.yaml","37b02124fa3ade0516ad25c7657aa031dbda0374cec89a0df6761c9a94f4590b"
"yaml","security-engineer.agent","bmb","bmad/bmb/reference/agents/module-examples/security-engineer.agent.yaml","daa4e0c8037375547e32b6dc9017dd11fcd4ba263f2f675da632240f544a97fc"
"yaml","security-engineer.agent","bmb","bmad/bmb/workflows/create-agent/data/reference/agents/module-examples/security-engineer.agent.yaml","9d2b6341b85475b54b755c251f20541fb3872bab90eb89a71811311037c4a7dc"
"yaml","trend-analyst.agent","bmb","bmad/bmb/reference/agents/module-examples/trend-analyst.agent.yaml","e30964087a14df340920dd69ade5f9d7a3b96ce40f992f1a0820fe624f708958"
"yaml","trend-analyst.agent","bmb","bmad/bmb/workflows/create-agent/data/reference/agents/module-examples/trend-analyst.agent.yaml","e30964087a14df340920dd69ade5f9d7a3b96ce40f992f1a0820fe624f708958"
"yaml","workflow","bmb","bmad/bmb/workflows-legacy/create-module/workflow.yaml","60d416142f7f1cd4fbb46e962c3186665c095651f0265a60219b5140f33b7805"
"yaml","workflow","bmb","bmad/bmb/workflows-legacy/edit-module/workflow.yaml","142dca7629be43ec752ea60e86d104980f03c99a0b6ce85d32d620b9df08059e"
"yaml","workflow","bmb","bmad/bmb/workflows-legacy/module-brief/workflow.yaml","050ca388f0e73df57f221b85890f1f32dd0a750dfc3c79f333de9407f3864626"
"csv","default-party","bmm","bmad/bmm/teams/default-party.csv","43209253a2e784e6b054a4ac427c9532a50d9310f6a85052d93ce975b9162156"
"csv","documentation-requirements","bmm","bmad/bmm/workflows/document-project/documentation-requirements.csv","d1253b99e88250f2130516b56027ed706e643bfec3d99316727a4c6ec65c6c1d"
"csv","domain-complexity","bmm","bmad/bmm/workflows/2-plan-workflows/prd/domain-complexity.csv","ed4d30e9fd87db2d628fb66cac7a302823ef6ebb3a8da53b9265326f10a54e11"
"csv","domain-complexity","bmm","bmad/bmm/workflows/3-solutioning/architecture/data/domain-complexity.csv","cb9244ed2084143146f9f473244ad9cf63d33891742b9f6fbcb6e354fa4f3a93"
"csv","project-types","bmm","bmad/bmm/workflows/2-plan-workflows/prd/project-types.csv","7a01d336e940fb7a59ff450064fd1194cdedda316370d939264a0a0adcc0aca3"
"csv","project-types","bmm","bmad/bmm/workflows/3-solutioning/architecture/data/project-types.csv","12343635a2f11343edb1d46906981d6f5e12b9cad2f612e13b09460b5e5106e7"
"csv","tea-index","bmm","bmad/bmm/testarch/tea-index.csv","374a8d53b5e127a9440751a02c5112c66f81bc00e2128d11d11f16d8f45292ea"
"excalidraw","workflow-method-greenfield","bmm","bmad/bmm/docs/images/workflow-method-greenfield.excalidraw","ddd42ea8d7ec49c47d6a9eb45d418c964e7a49d12e627e5b942d745e82899cd2"
"json","excalidraw-library","bmm","bmad/bmm/workflows/diagrams/_shared/excalidraw-library.json","8e5079f4e79ff17f4781358423f2126a1f14ab48bbdee18fd28943865722030c"
"json","project-scan-report-schema","bmm","bmad/bmm/workflows/document-project/templates/project-scan-report-schema.json","53255f15a10cab801a1d75b4318cdb0095eed08c51b3323b7e6c236ae6b399b7"
"md","agents-guide","bmm","bmad/bmm/docs/agents-guide.md","e22f961ac7f602141fbb9b483dd7638c6bbea60a3902dd7c9bb7a8feade1df55"
"md","analyst","bmm","bmad/bmm/agents/analyst.md","01efa5b4671f52f3488ba39743dd80ee25f6c369382f5a3eb02d99ff4a0a479c"
"md","api-request","bmm","bmad/bmm/testarch/knowledge/api-request.md","93ac674f645cb389aafe08ce31e53280ebc0385c59e585a199b772bb0e0651fb"
"md","architect","bmm","bmad/bmm/agents/architect.md","1a164930872a22d4c3d1d2b65f2a0ab01a8575ded33dddd0d051e7148be500b3"
"md","architecture-decision-template","bmm","bmad/bmm/workflows/3-solutioning/architecture/architecture-decision-template.md","677abaa21e5ea5aa11ea84d596f3ff81506652b5929b6403d404d9c7623c3752"
"md","atdd-checklist-template","bmm","bmad/bmm/workflows/testarch/atdd/atdd-checklist-template.md","9944d7b488669bbc6e9ef537566eb2744e2541dad30a9b2d9d4ae4762f66b337"
"md","auth-session","bmm","bmad/bmm/testarch/knowledge/auth-session.md","b2ee00c5650655311ff54d20dcd6013afb5b280a66faa8336f9fb810436f1aab"
"md","bmad-quick-flow","bmm","bmad/bmm/docs/bmad-quick-flow.md","e437c81feedf8a981595a6f53119d5ffff37b3815d0b58901340b1908d470136"
"md","brownfield-guide","bmm","bmad/bmm/docs/brownfield-guide.md","6779bd2a19b2084e658af85209771bdce9c4b7407f186c16a397143446b59f14"
"md","burn-in","bmm","bmad/bmm/testarch/knowledge/burn-in.md","5ba3d2abe6b961e5bc3948ab165e801195bff3ee6e66569c00c219b484aa4b5d"
"md","checklist","bmm","bmad/bmm/workflows/3-solutioning/implementation-readiness/checklist.md","6024d4064ad1010a9bbdbaa830c01adba27c1aba6bf0153d88eee460427af799"
"md","checklist","bmm","bmad/bmm/workflows/4-implementation/correct-course/checklist.md","33b2acfcc8fdbab18637218f6c6d16055e0004f0d818f993b0a6aeafac1f6112"
"md","checklist","bmm","bmad/bmm/workflows/4-implementation/create-story/checklist.md","fd556683c3341cfeb7366f88ca2fe937853ec66242f9c9889b899e7d371e009d"
"md","checklist","bmm","bmad/bmm/workflows/4-implementation/dev-story/checklist.md","5e9fe3c5df30f2ab79eac375317d4d1ade1face371d2ac669cef52762afe0fc4"
"md","checklist","bmm","bmad/bmm/workflows/4-implementation/sprint-planning/checklist.md","80b10aedcf88ab1641b8e5f99c9a400c8fd9014f13ca65befc5c83992e367dd7"
"md","checklist","bmm","bmad/bmm/workflows/bmad-quick-flow/quick-dev/checklist.md","7a26f68fa535caa6b461c4e84846241db4669da29b19a7ab510eeeff434bae12"
"md","checklist","bmm","bmad/bmm/workflows/diagrams/create-dataflow/checklist.md","f420aaf346833dfda5454ffec9f90a680e903453bcc4d3e277d089e6781fec55"
"md","checklist","bmm","bmad/bmm/workflows/diagrams/create-diagram/checklist.md","6357350a6e2237c1b819edd8fc847e376192bf802000cb1a4337c9584fc91a18"
"md","checklist","bmm","bmad/bmm/workflows/diagrams/create-flowchart/checklist.md","45aaf882b8e9a1042683406ae2cfc0b23d3d39bd1dac3ddb0778d5b7165f7047"
"md","checklist","bmm","bmad/bmm/workflows/diagrams/create-wireframe/checklist.md","588f9354bf366c173aa261cf5a8b3a87c878ea72fd2c0f8088c4b3289e984641"
"md","checklist","bmm","bmad/bmm/workflows/document-project/checklist.md","2f1edb9e5e0b003f518b333ae842f344ff94d4dda7df07ba7f30c5b066013a68"
"md","checklist","bmm","bmad/bmm/workflows/testarch/atdd/checklist.md","c4fa594d949dd8f1f818c11054b28643b458ab05ed90cf65f118deb1f4818e9f"
"md","checklist","bmm","bmad/bmm/workflows/testarch/automate/checklist.md","bf1ae220c15c9f263967d1606658b19adcd37d57aef2b0faa30d34f01e5b0d22"
"md","checklist","bmm","bmad/bmm/workflows/testarch/ci/checklist.md","c40143aaf0e34c264a2f737e14a50ec85d861bda78235cf01a3c63413d996dc8"
"md","checklist","bmm","bmad/bmm/workflows/testarch/framework/checklist.md","16cc3aee710abb60fb85d2e92f0010b280e66b38fac963c0955fb36e7417103a"
"md","checklist","bmm","bmad/bmm/workflows/testarch/nfr-assess/checklist.md","044416df40402db39eb660509eedadafc292c16edc247cf93812f2a325ee032c"
"md","checklist","bmm","bmad/bmm/workflows/testarch/test-design/checklist.md","1a7e5e975d5a2bd3afd81e743e5ee3a2aa72571fce250caac24a6643808394eb"
"md","checklist","bmm","bmad/bmm/workflows/testarch/test-review/checklist.md","0626c675114c23019e20e4ae2330a64baba43ad11774ff268c027b3c584a0891"
"md","checklist","bmm","bmad/bmm/workflows/testarch/trace/checklist.md","a4468ae2afa9cf676310ec1351bb34317d5390e4a02ded9684cc15a62f2fd4fd"
"md","ci-burn-in","bmm","bmad/bmm/testarch/knowledge/ci-burn-in.md","de0092c37ea5c24b40a1aff90c5560bbe0c6cc31702de55d4ea58c56a2e109af"
"md","component-tdd","bmm","bmad/bmm/testarch/knowledge/component-tdd.md","88bd1f9ca1d5bcd1552828845fe80b86ff3acdf071bac574eda744caf7120ef8"
"md","contract-testing","bmm","bmad/bmm/testarch/knowledge/contract-testing.md","d8f662c286b2ea4772213541c43aebef006ab6b46e8737ebdc4a414621895599"
"md","data-factories","bmm","bmad/bmm/testarch/knowledge/data-factories.md","d7428fe7675da02b6f5c4c03213fc5e542063f61ab033efb47c1c5669b835d88"
"md","deep-dive-instructions","bmm","bmad/bmm/workflows/document-project/workflows/deep-dive-instructions.md","a567fc43c918ca3f77440e75ce2ac7779740550ad848cade130cca1837115c1e"
"md","deep-dive-template","bmm","bmad/bmm/workflows/document-project/templates/deep-dive-template.md","6198aa731d87d6a318b5b8d180fc29b9aa53ff0966e02391c17333818e94ffe9"
"md","dev","bmm","bmad/bmm/agents/dev.md","03e20afa8cafa86f2e12e84288e4db25dcc7e34ac663bb520ec0aadd4a3bfe70"
"md","documentation-standards","bmm","bmad/bmm/data/documentation-standards.md","fc26d4daff6b5a73eb7964eacba6a4f5cf8f9810a8c41b6949c4023a4176d853"
"md","email-auth","bmm","bmad/bmm/testarch/knowledge/email-auth.md","43f4cc3138a905a91f4a69f358be6664a790b192811b4dfc238188e826f6b41b"
"md","enterprise-agentic-development","bmm","bmad/bmm/docs/enterprise-agentic-development.md","8c72eb92e19d812ce219b41aae948ecf4fbcc39fbf805e87b4067e871718d448"
"md","epics-template","bmm","bmad/bmm/workflows/3-solutioning/create-epics-and-stories/epics-template.md","9adb82dfce092b40756578c15eddab540c5c987abd7fcc323f3d76b2999eb115"
"md","error-handling","bmm","bmad/bmm/testarch/knowledge/error-handling.md","8a314eafb31e78020e2709d88aaf4445160cbefb3aba788b62d1701557eb81c1"
"md","faq","bmm","bmad/bmm/docs/faq.md","a33583a015074419c1f51ca272e8238dbc9a769db1d9d1f11eb75ae1555b0e9f"
"md","feature-flags","bmm","bmad/bmm/testarch/knowledge/feature-flags.md","f6db7e8de2b63ce40a1ceb120a4055fbc2c29454ad8fca5db4e8c065d98f6f49"
"md","file-utils","bmm","bmad/bmm/testarch/knowledge/file-utils.md","e0d4e98ca6ec32035ae07a14880c65ab99298e9240404d27a05788c974659e8b"
"md","fixture-architecture","bmm","bmad/bmm/testarch/knowledge/fixture-architecture.md","a3b6c1bcaf5e925068f3806a3d2179ac11dde7149e404bc4bb5602afb7392501"
"md","fixtures-composition","bmm","bmad/bmm/testarch/knowledge/fixtures-composition.md","8e57a897663a272fd603026aeec76941543c1e09d129e377846726fd405f3a5a"
"md","full-scan-instructions","bmm","bmad/bmm/workflows/document-project/workflows/full-scan-instructions.md","6c6e0d77b33f41757eed8ebf436d4def69cd6ce412395b047bf5909f66d876aa"
"md","glossary","bmm","bmad/bmm/docs/glossary.md","e3211b659955d30268ff7804e56c66bb7f087f2fb8806fca2ecacd071d96e4bf"
"md","index-template","bmm","bmad/bmm/workflows/document-project/templates/index-template.md","42c8a14f53088e4fda82f26a3fe41dc8a89d4bcb7a9659dd696136378b64ee90"
"md","instructions","bmm","bmad/bmm/workflows/3-solutioning/create-epics-and-stories/instructions.md","47e3f6012a041190c5fb816fa58acaaacd00228fe41a589363c52db03b942431"
"md","instructions","bmm","bmad/bmm/workflows/3-solutioning/implementation-readiness/instructions.md","008c1e70defa4ac57123acd84ca2010b18ad569c1d837722ea7bb86a20dbb45e"
"md","instructions","bmm","bmad/bmm/workflows/4-implementation/correct-course/instructions.md","d06959c057f53c16604c8c5d2fac83c6160164527657eff879b94e2855ad9735"
"md","instructions","bmm","bmad/bmm/workflows/4-implementation/retrospective/instructions.md","26162a6ac04bbb313b209129186ab7cff4940f411be09af7f6fd9d937890acd8"
"md","instructions","bmm","bmad/bmm/workflows/4-implementation/sprint-planning/instructions.md","be1ab1e8d895367106c6025c3625fdbf935312fef229b1b47d76b1e84ecb51a9"
"md","instructions","bmm","bmad/bmm/workflows/bmad-quick-flow/create-tech-spec/instructions.md","4fe696440982bdfb01d936a20c55aea658d934786ec9918b4080e36730c5ad4d"
"md","instructions","bmm","bmad/bmm/workflows/bmad-quick-flow/quick-dev/instructions.md","dc457757a92589af70c6eba1aa856d821917a655feaa627b88d32ccfa7e9e359"
"md","instructions","bmm","bmad/bmm/workflows/diagrams/create-dataflow/instructions.md","cb670028ad8604559b26cdd0bdbc62a403a3174c561ee31d844472f06f7368be"
"md","instructions","bmm","bmad/bmm/workflows/diagrams/create-diagram/instructions.md","decb5126dfb99af939a052d03c7b727a83ee92452a79e93bb6d581133924ad41"
"md","instructions","bmm","bmad/bmm/workflows/diagrams/create-flowchart/instructions.md","b307573436161077ca61d914ab8971145cac4980c31dae48bfb68720bf61ab9f"
"md","instructions","bmm","bmad/bmm/workflows/diagrams/create-wireframe/instructions.md","0c3ef52aeda93d6c9c539eb1cf1fb99645979475bce10fa0c006a3dafb9ca225"
"md","instructions","bmm","bmad/bmm/workflows/document-project/instructions.md","150154d560155635b7036043bb4c8ee99f52e4a34d1c9db13e955abc69a0452a"
"md","instructions","bmm","bmad/bmm/workflows/testarch/atdd/instructions.md","ae761d4075b68a348d221bc5654f8a88d376647854c7c0e60afef0224dce5534"
"md","instructions","bmm","bmad/bmm/workflows/testarch/automate/instructions.md","4762764a401b1f97aeca42680f2868cbfd1002914f397ed109755774160a2c78"
"md","instructions","bmm","bmad/bmm/workflows/testarch/ci/instructions.md","d82e2ed17c2dac960f5cbe6f640df1549d9f2acde1482cce07e381341e9fbf7b"
"md","instructions","bmm","bmad/bmm/workflows/testarch/framework/instructions.md","f7d0273dfa621ac8869dd6c11d71567ceaae6fb827ff6239f3e381df789b5092"
"md","instructions","bmm","bmad/bmm/workflows/testarch/nfr-assess/instructions.md","a3838c8e5dcb1735962176aa07cc8f7a1d5a1e1ad70207a27a8152015cfebbcb"
"md","instructions","bmm","bmad/bmm/workflows/testarch/test-design/instructions.md","8c34dbd4691befaea1774a516d554c1a33ea50b633850fe71bf29a03c37b7165"
"md","instructions","bmm","bmad/bmm/workflows/testarch/test-review/instructions.md","02fa0e7e8767942b8ad8459bd3061a0fdd60ac464ad7504f6dff33a9d7de51a4"
"md","instructions","bmm","bmad/bmm/workflows/testarch/trace/instructions.md","300802c457c410105855193fda4f2ff124c31d5ad9f7d57506fbf75356a8ef2a"
"md","instructions","bmm","bmad/bmm/workflows/workflow-status/init/instructions.md","c1281100e20b3656c2d6d9aa30a72ec1b3eaae8ef4cf38767eba98bceac06967"
"md","instructions","bmm","bmad/bmm/workflows/workflow-status/instructions.md","c5bd650dd28d27f4c0310e4824020212d6a67b620ce5011d8a03ccab90e52822"
"md","intercept-network-call","bmm","bmad/bmm/testarch/knowledge/intercept-network-call.md","fb551cb0cefe3c062c28ae255a121aaae098638ec35a16fcdba98f670887ab6a"
"md","log","bmm","bmad/bmm/testarch/knowledge/log.md","b6267716ccbe6f9e2cc1b2b184501faeb30277bc8546206a66f31500c52381d0"
"md","network-error-monitor","bmm","bmad/bmm/testarch/knowledge/network-error-monitor.md","0380eb6df15af0a136334ad00cf44c92c779f311b07231f5aa6230e198786799"
"md","network-first","bmm","bmad/bmm/testarch/knowledge/network-first.md","2920e58e145626f5505bcb75e263dbd0e6ac79a8c4c2ec138f5329e06a6ac014"
"md","network-recorder","bmm","bmad/bmm/testarch/knowledge/network-recorder.md","9f120515cc377c4c500ec0b5fff0968666a9a4edee03a328d92514147d50f073"
"md","nfr-criteria","bmm","bmad/bmm/testarch/knowledge/nfr-criteria.md","e63cee4a0193e4858c8f70ff33a497a1b97d13a69da66f60ed5c9a9853025aa1"
"md","nfr-report-template","bmm","bmad/bmm/workflows/testarch/nfr-assess/nfr-report-template.md","b1d8fcbdfc9715a285a58cb161242dea7d311171c09a2caab118ad8ace62b80c"
"md","overview","bmm","bmad/bmm/testarch/knowledge/overview.md","96e86563da978f78b8a28d1bc4c15cebc3dc248a747fd83be40c9da7a7c9f065"
"md","party-mode","bmm","bmad/bmm/docs/party-mode.md","1f62cb3f3f292a5a3d08b295f62fbeb46abff6eb9743abdd5112b49032a7253e"
"md","playwright-config","bmm","bmad/bmm/testarch/knowledge/playwright-config.md","42516511104a7131775f4446196cf9e5dd3295ba3272d5a5030660b1dffaa69f"
"md","pm","bmm","bmad/bmm/agents/pm.md","f8e1b09bd9ccfc681237ff2281fcb42c7c9069101674b29f743b9a27c0383647"
"md","prd-template","bmm","bmad/bmm/workflows/2-plan-workflows/prd/prd-template.md","6e8ef2f6b7806a19463d7875dfc9f0d478151a93e527b7ecd96dfe2115d74e3b"
"md","probability-impact","bmm","bmad/bmm/testarch/knowledge/probability-impact.md","446dba0caa1eb162734514f35366f8c38ed3666528b0b5e16c7f03fd3c537d0f"
"md","product-brief.template","bmm","bmad/bmm/workflows/1-analysis/product-brief/product-brief.template.md","0993d8a5b0bb42d1aebd092e726d0829bdcab6ccfa227dc3816626366e8ccf8c"
"md","project-context-template","bmm","bmad/bmm/data/project-context-template.md","34421aed3e0ad921dc0c0080297f3a2299735b00a25351de589ada99dae56559"
"md","project-context-template","bmm","bmad/bmm/workflows/generate-project-context/project-context-template.md","df2e7d5a78f80e96e90891219c6770849a6a4a61670cd80561d1c47a6302b974"
"md","project-overview-template","bmm","bmad/bmm/workflows/document-project/templates/project-overview-template.md","a7c7325b75a5a678dca391b9b69b1e3409cfbe6da95e70443ed3ace164e287b2"
"md","quick-flow-solo-dev","bmm","bmad/bmm/docs/quick-flow-solo-dev.md","8ca0bb322aeebe7ceff2598920eae6f8e450759cf1a232ad55efba71d94d6edf"
"md","quick-flow-solo-dev","bmm","bmad/bmm/agents/quick-flow-solo-dev.md","f0b72ad131293ec3a5b9adbd8622239528589468f14e5fffa98da78027214106"
"md","quick-start","bmm","bmad/bmm/docs/quick-start.md","b8531e56efad89f2efb61402b223d6157d62cde3fcbef14fc205d7cfc89d51bd"
"md","README","bmm","bmad/bmm/README.md","ad4e6d0c002e3a5fef1b695bda79e245fe5a43345375c699165b32d6fc511457"
"md","README","bmm","bmad/bmm/data/README.md","352c44cff4dd0e5a90cdf6781168ceb57f5a78eaabddcd168433d8784854e4fb"
"md","README","bmm","bmad/bmm/docs/README.md","9a6e8b9d8b4ad3bda55a3550e46b3f327bcfb8fa37eaaf352d115377adb77a33"
"md","recurse","bmm","bmad/bmm/testarch/knowledge/recurse.md","19056fb5b7e5e626aad81277b3e5eec333f2aed36a17aea6c7d8714a5460c8b2"
"md","research.template","bmm","bmad/bmm/workflows/1-analysis/research/research.template.md","f4d69c79661d05735017229898e5a5977770d620d7973a9e1a81c900603f4098"
"md","risk-governance","bmm","bmad/bmm/testarch/knowledge/risk-governance.md","2fa2bc3979c4f6d4e1dec09facb2d446f2a4fbc80107b11fc41cbef2b8d65d68"
"md","scale-adaptive-system","bmm","bmad/bmm/docs/scale-adaptive-system.md","343e3772c2e24e9ddd6b9278f72e48dc7be961ee5ad23496003cc17cac57314c"
"md","selective-testing","bmm","bmad/bmm/testarch/knowledge/selective-testing.md","c14c8e1bcc309dbb86a60f65bc921abf5a855c18a753e0c0654a108eb3eb1f1c"
"md","selector-resilience","bmm","bmad/bmm/testarch/knowledge/selector-resilience.md","a55c25a340f1cd10811802665754a3f4eab0c82868fea61fea9cc61aa47ac179"
"md","sm","bmm","bmad/bmm/agents/sm.md","f3f0d7587e4de48ac37001f1df00f532204b3349d3b2370aa0942fad1bfa3c8a"
"md","source-tree-template","bmm","bmad/bmm/workflows/document-project/templates/source-tree-template.md","109bc335ebb22f932b37c24cdc777a351264191825444a4d147c9b82a1e2ad7a"
"md","step-01-discover","bmm","bmad/bmm/workflows/generate-project-context/steps/step-01-discover.md","150bbebcbfbe5f4b57ad0fc4a3b2b992d9dc537c3e3c018c47e267abf6f886a3"
"md","step-01-init","bmm","bmad/bmm/workflows/1-analysis/product-brief/steps/step-01-init.md","ba0e08039e7d183c323681f332275717bb79c65451f7bffcd15c3015a6ba957d"
"md","step-01-init","bmm","bmad/bmm/workflows/1-analysis/research/domain-steps/step-01-init.md","7217db4dc4483225df0ebe0af7b43454861672c2e8b15b500911554473cf7212"
"md","step-01-init","bmm","bmad/bmm/workflows/1-analysis/research/market-steps/step-01-init.md","5d40ea121fa2404881df12001de50b30f5d38c6b835244d3e39d31710fa41bd0"
"md","step-01-init","bmm","bmad/bmm/workflows/1-analysis/research/technical-steps/step-01-init.md","8d398cc4af6df4f26b88e406b900606bcbf09833cea882d4f00ec0df45e1e881"
"md","step-01-init","bmm","bmad/bmm/workflows/2-plan-workflows/create-ux-design/steps/step-01-init.md","8c0811939c75acc2400c4670ac0a3721d8d8df1564119e625ea6a70bb56e5ace"
"md","step-01-init","bmm","bmad/bmm/workflows/2-plan-workflows/prd/steps/step-01-init.md","9d5eebacd9f0fc8f5bdc2cd5e8f83eef77048a0c99e4bf03eb0f73ebddbe547e"
"md","step-01-init","bmm","bmad/bmm/workflows/3-solutioning/architecture/steps/step-01-init.md","f464457c30fef1dcc5b5fd31d3feef8aa807f16f85f998d61e5fa9391aa02774"
"md","step-01b-continue","bmm","bmad/bmm/workflows/1-analysis/product-brief/steps/step-01b-continue.md","681191468af7985f214868455cd678a4610ea5d5075c3964057e50eb9d7b058a"
"md","step-01b-continue","bmm","bmad/bmm/workflows/2-plan-workflows/create-ux-design/steps/step-01b-continue.md","e897baf661717873e781abfea7b0f30dc0fc5668e8dfb87511f8d848e4429e78"
"md","step-01b-continue","bmm","bmad/bmm/workflows/2-plan-workflows/prd/steps/step-01b-continue.md","d4b123ea35237766092c79ec90a1f39fca4af4c2fdd52fb922262c4c8a6c3f09"
"md","step-01b-continue","bmm","bmad/bmm/workflows/3-solutioning/architecture/steps/step-01b-continue.md","4188f4abe9674b83108571317f8be8e35fc95d51d156397827dded6ef7429213"
"md","step-02-context","bmm","bmad/bmm/workflows/3-solutioning/architecture/steps/step-02-context.md","c0111e12edfe9ff5e24125ae60af828d966fe2091658b78631d47f930eaf55f4"
"md","step-02-customer-behavior","bmm","bmad/bmm/workflows/1-analysis/research/market-steps/step-02-customer-behavior.md","eaa60369524f44ee603356947fa91ad221c0a1718f116573a2dc45ee28c77636"
"md","step-02-customer-insights","bmm","bmad/bmm/workflows/1-analysis/research/market-steps/step-02-customer-insights.md","9a8f3e940e8283169c42c0f220b3fd5d4b1534e75ce16a61b5f6db9d5501a115"
"md","step-02-discovery","bmm","bmad/bmm/workflows/2-plan-workflows/create-ux-design/steps/step-02-discovery.md","3165a32ba097282b5424c0b481457bc60e906756a2c7ad78e0fb9eea92e17256"
"md","step-02-discovery","bmm","bmad/bmm/workflows/2-plan-workflows/prd/steps/step-02-discovery.md","44fe8e3fd29ad19ce04f25f31a7d7bdd4bc0a56561724976bce1a81228401dba"
"md","step-02-domain-analysis","bmm","bmad/bmm/workflows/1-analysis/research/domain-steps/step-02-domain-analysis.md","0b76d6833d03c60fcf328144af76c6f394bfc9119b30f716edda76e313627c20"
"md","step-02-generate","bmm","bmad/bmm/workflows/generate-project-context/steps/step-02-generate.md","b5f9d46bc4714ad194faa41789aeb75b91bfd020547a84c0009fe880a8574719"
"md","step-02-technical-overview","bmm","bmad/bmm/workflows/1-analysis/research/technical-steps/step-02-technical-overview.md","8dc412ebc70baeb95572169b61d2a3bce4d97974c427697c018f7a04810700a4"
"md","step-02-vision","bmm","bmad/bmm/workflows/1-analysis/product-brief/steps/step-02-vision.md","14497bab36c75e958bffa4c79997229e682aeb5ff37cfe8efef5dd47342451e5"
"md","step-03-competitive-landscape","bmm","bmad/bmm/workflows/1-analysis/research/domain-steps/step-03-competitive-landscape.md","010ad8d8836fa4bad044784adb4525836dceccdd21c8965ee5a95b85eb1692b5"
"md","step-03-complete","bmm","bmad/bmm/workflows/generate-project-context/steps/step-03-complete.md","9158815e89b1ac9c959502a8dfcff0c019a736aabea7d7e6f319984f65ba5c73"
"md","step-03-core-experience","bmm","bmad/bmm/workflows/2-plan-workflows/create-ux-design/steps/step-03-core-experience.md","e251664b20d55efdbc5cbcc61bc4614f1d8c6eff6bedb12ccdeefd1e81f22d99"
"md","step-03-customer-pain-points","bmm","bmad/bmm/workflows/1-analysis/research/market-steps/step-03-customer-pain-points.md","e29664f2d9785b37d554328f240203e0ab5d162eea0b90113a4c9a2a08300c5d"
"md","step-03-integration-patterns","bmm","bmad/bmm/workflows/1-analysis/research/technical-steps/step-03-integration-patterns.md","7da3cb291e729c1047b768bc5448bdda2925cb677b21faab29b9e30a424094dc"
"md","step-03-starter","bmm","bmad/bmm/workflows/3-solutioning/architecture/steps/step-03-starter.md","b9c5836fa5ca50396c214521d6069547d257dc07740ff56b13c986319e5ac634"
"md","step-03-success","bmm","bmad/bmm/workflows/2-plan-workflows/prd/steps/step-03-success.md","7adde42f8eb29572718c8137c23cdf7a7b37d9c1661f9a942a53074d4280c9c1"
"md","step-03-users","bmm","bmad/bmm/workflows/1-analysis/product-brief/steps/step-03-users.md","dedfcad4348ff712d68f374e9f40732622ce7df5d3d1b771d77fa1057f34bdeb"
"md","step-04-architectural-patterns","bmm","bmad/bmm/workflows/1-analysis/research/technical-steps/step-04-architectural-patterns.md","c920adb8a89468e54311590b251816001e6613f93231bae0314c3ae65ba0390f"
"md","step-04-customer-decisions","bmm","bmad/bmm/workflows/1-analysis/research/market-steps/step-04-customer-decisions.md","73c47be59274d468fff85340a75b27c8c74cb9fcce1a873ef87985ddb2152847"
"md","step-04-decisions","bmm","bmad/bmm/workflows/3-solutioning/architecture/steps/step-04-decisions.md","47e4804f2762a166e182ecfc37f3f5702e65b2dd7c9f5c56ea8e27471070f368"
"md","step-04-emotional-response","bmm","bmad/bmm/workflows/2-plan-workflows/create-ux-design/steps/step-04-emotional-response.md","d2a861755dda99ad6bc148c6090b03b55891f3257ed39ac2ab0bc13481c04820"
"md","step-04-journeys","bmm","bmad/bmm/workflows/2-plan-workflows/prd/steps/step-04-journeys.md","b814bc79aead40ba2ffb0294f390070bf44be5ddfb2a0a8c36b258e8e7f2c97c"
"md","step-04-metrics","bmm","bmad/bmm/workflows/1-analysis/product-brief/steps/step-04-metrics.md","51d6c4c60a4b16408d04a2855de5757c489c404a168c8e0f06d07a63509f6db4"
"md","step-04-regulatory-focus","bmm","bmad/bmm/workflows/1-analysis/research/domain-steps/step-04-regulatory-focus.md","5802b821f8c239df37f841aa39da4896c50deb7f21a8969096e2e728fb080b9f"
"md","step-05-competitive-analysis","bmm","bmad/bmm/workflows/1-analysis/research/market-steps/step-05-competitive-analysis.md","58db83a5dc34725cf39a033976adac23af33a49be38e96dde167a8299f9e62ba"
"md","step-05-domain","bmm","bmad/bmm/workflows/2-plan-workflows/prd/steps/step-05-domain.md","72817ed16d112c368906eaddb7b84aa98c0b3a36513778ade5ef749b2e7a7161"
"md","step-05-implementation-research","bmm","bmad/bmm/workflows/1-analysis/research/technical-steps/step-05-implementation-research.md","4c8e1ba94879be798c82e7a09030eaff65ca2a0a9fd89e7426353a3ea4fcf207"
"md","step-05-inspiration","bmm","bmad/bmm/workflows/2-plan-workflows/create-ux-design/steps/step-05-inspiration.md","ac0c0c63cc9f35090c288aabf0517165ce15b2fe43499fba9525ece359ff02ee"
"md","step-05-patterns","bmm","bmad/bmm/workflows/3-solutioning/architecture/steps/step-05-patterns.md","51032cb6a5347e2cb591b16c9b4ef7917aa42601fda1cfe76a535bc4f730928b"
"md","step-05-scope","bmm","bmad/bmm/workflows/1-analysis/product-brief/steps/step-05-scope.md","e7a5f9d1021d867a002af4fb0c44b6a18f7fff05d701f7d7f29bea45e9e5052c"
"md","step-05-technical-trends","bmm","bmad/bmm/workflows/1-analysis/research/domain-steps/step-05-technical-trends.md","e88098ca9ff044836c205c2c3f71f35b8ba8743073d93d2f75ef25176424065a"
"md","step-06-complete","bmm","bmad/bmm/workflows/1-analysis/product-brief/steps/step-06-complete.md","b75361e0bc6eec7fd7f03723839d6b3e3b1ff1c7c8fb03675d6d4fea0ed22ea4"
"md","step-06-design-system","bmm","bmad/bmm/workflows/2-plan-workflows/create-ux-design/steps/step-06-design-system.md","063ae26f00f8a61e2b2fbc9c1488d35df9b07867a1803cb979ef55aa4c9f7bca"
"md","step-06-innovation","bmm","bmad/bmm/workflows/2-plan-workflows/prd/steps/step-06-innovation.md","0a7850ae3aece05c31d1e7d8883bcbc08f5ec768a1988f9f3dc9963940f76128"
"md","step-06-research-completion","bmm","bmad/bmm/workflows/1-analysis/research/market-steps/step-06-research-completion.md","d865465d21c182b7437a4baf43db75be3443a0f520c7e9810cde337c8909787a"
"md","step-06-research-synthesis","bmm","bmad/bmm/workflows/1-analysis/research/domain-steps/step-06-research-synthesis.md","679307b56acbc642f5fb890862d6ab4d5b61225fe962e5781856460fc1503ee5"
"md","step-06-research-synthesis","bmm","bmad/bmm/workflows/1-analysis/research/technical-steps/step-06-research-synthesis.md","d4ab0753a897c3a0412579739c0f21608ec026ff051e934872c8fca6faf0b93d"
"md","step-06-structure","bmm","bmad/bmm/workflows/3-solutioning/architecture/steps/step-06-structure.md","1f85aa4954a31efd4a387f0c5c773dd8031ea681b7e93641b7ce2d0995cf6093"
"md","step-07-defining-experience","bmm","bmad/bmm/workflows/2-plan-workflows/create-ux-design/steps/step-07-defining-experience.md","1f257272236b2a484385a590cd7a432c00faf0b0b9f8e2046737e8b42cd9670e"
"md","step-07-project-type","bmm","bmad/bmm/workflows/2-plan-workflows/prd/steps/step-07-project-type.md","6d4c722e419e9544bf98a4ebbb3ed604c30bebf3ff864f9489fa116da26deac2"
"md","step-07-validation","bmm","bmad/bmm/workflows/3-solutioning/architecture/steps/step-07-validation.md","186859a8ddf31e896dce29a807cf944b49d0655dbc04a2bb1d6a724839eb7d56"
"md","step-08-complete","bmm","bmad/bmm/workflows/3-solutioning/architecture/steps/step-08-complete.md","b08a3cba7b4b603b63c718905f3c13f01442e187bfba36df74950aae418990a2"
"md","step-08-scoping","bmm","bmad/bmm/workflows/2-plan-workflows/prd/steps/step-08-scoping.md","064cd8b41cf625570978e5d334e1a03484037d9b4c6edaa5994737fe9bacc0e1"
"md","step-08-visual-foundation","bmm","bmad/bmm/workflows/2-plan-workflows/create-ux-design/steps/step-08-visual-foundation.md","d053e2bc3980a3a356c9c9da823ec5a394ce7d75d7818291485e74807592df44"
"md","step-09-design-directions","bmm","bmad/bmm/workflows/2-plan-workflows/create-ux-design/steps/step-09-design-directions.md","6fcfe760e3d3327936f11aa93b3cf2955168a9e89335298bd926ec816b2d11ec"
"md","step-09-functional","bmm","bmad/bmm/workflows/2-plan-workflows/prd/steps/step-09-functional.md","c141d804b709d82e650e68c98f1deb1f990600b43ac7e16e7987026ab109948d"
"md","step-10-nonfunctional","bmm","bmad/bmm/workflows/2-plan-workflows/prd/steps/step-10-nonfunctional.md","63c468801b9bf4a73fec3f34bd830bd95c4431a03136a5fc40327a84c80b1fa6"
"md","step-10-user-journeys","bmm","bmad/bmm/workflows/2-plan-workflows/create-ux-design/steps/step-10-user-journeys.md","8cb27fc358024aa9c7a84b13a829e67d58a603d504abcfa67d6ba6112497cdd4"
"md","step-11-complete","bmm","bmad/bmm/workflows/2-plan-workflows/prd/steps/step-11-complete.md","11f0c99c116444406a4380494523463004eda1e46eaf32345d0e5d8200482163"
"md","step-11-component-strategy","bmm","bmad/bmm/workflows/2-plan-workflows/create-ux-design/steps/step-11-component-strategy.md","6f402da4940d44428579cd457cc1cd1050eee59746f47765a2165bdb8c43e1cd"
"md","step-12-ux-patterns","bmm","bmad/bmm/workflows/2-plan-workflows/create-ux-design/steps/step-12-ux-patterns.md","7060b4680d4c0faa6098847ea2feea85276a3163ee32f5b1105c2d12974b69ff"
"md","step-13-responsive-accessibility","bmm","bmad/bmm/workflows/2-plan-workflows/create-ux-design/steps/step-13-responsive-accessibility.md","45c91f7835bccfe5749a834419e651dd8c6912e62f30adc6d8c08d4c77cb0447"
"md","step-14-complete","bmm","bmad/bmm/workflows/2-plan-workflows/create-ux-design/steps/step-14-complete.md","833ba63b697ba5f8e35a7d53784c2646ce4e1726ce2dfa53bf3a9fb6880ba532"
"md","tea","bmm","bmad/bmm/agents/tea.md","4e3c57bcc3f5e4f47ce3b59706e578a306d68471663361618e7d5d85d98a81be"
"md","tech-writer","bmm","bmad/bmm/agents/tech-writer.md","ded219da4ccb21aa1eec72dd5900ccda4fc5988d09ea4fcc7f339cc96c80f0e5"
"md","template","bmm","bmad/bmm/workflows/3-solutioning/implementation-readiness/template.md","d8e5fdd62adf9836f7f6cccd487df9b260b392da2e45d2c849ecc667b9869427"
"md","template","bmm","bmad/bmm/workflows/4-implementation/create-story/template.md","83c5d21312c0f2060888a2a8ba8332b60f7e5ebeb9b24c9ee59ba96114afb9c9"
"md","test-architecture","bmm","bmad/bmm/docs/test-architecture.md","b296e1e5b60241835e66179cb3b6684048095868ecdf3883770bbe4b884a95a9"
"md","test-design-template","bmm","bmad/bmm/workflows/testarch/test-design/test-design-template.md","d97f65bb741e6fcf40934606b17a2f6c78358390d41bee2dd183ff9cafb3bd5e"
"md","test-healing-patterns","bmm","bmad/bmm/testarch/knowledge/test-healing-patterns.md","b44f7db1ebb1c20ca4ef02d12cae95f692876aee02689605d4b15fe728d28fdf"
"md","test-levels-framework","bmm","bmad/bmm/testarch/knowledge/test-levels-framework.md","80bbac7959a47a2e7e7de82613296f906954d571d2d64ece13381c1a0b480237"
"md","test-priorities-matrix","bmm","bmad/bmm/testarch/knowledge/test-priorities-matrix.md","321c3b708cc19892884be0166afa2a7197028e5474acaf7bc65c17ac861964a5"
"md","test-quality","bmm","bmad/bmm/testarch/knowledge/test-quality.md","97b6db474df0ec7a98a15fd2ae49671bb8e0ddf22963f3c4c47917bb75c05b90"
"md","test-review-template","bmm","bmad/bmm/workflows/testarch/test-review/test-review-template.md","3e68a73c48eebf2e0b5bb329a2af9e80554ef443f8cd16652e8343788f249072"
"md","timing-debugging","bmm","bmad/bmm/testarch/knowledge/timing-debugging.md","c4c87539bbd3fd961369bb1d7066135d18c6aad7ecd70256ab5ec3b26a8777d9"
"md","trace-template","bmm","bmad/bmm/workflows/testarch/trace/trace-template.md","5453a8e4f61b294a1fc0ba42aec83223ae1bcd5c33d7ae0de6de992e3ee42b43"
"md","ux-design-template","bmm","bmad/bmm/workflows/2-plan-workflows/create-ux-design/ux-design-template.md","ffa4b89376cd9db6faab682710b7ce755990b1197a8b3e16b17748656d1fca6a"
"md","ux-designer","bmm","bmad/bmm/agents/ux-designer.md","666b36c84e45f57c58c5e481d97970abf8e1ba36c37a68d5e88b48d51ac570b3"
"md","visual-debugging","bmm","bmad/bmm/testarch/knowledge/visual-debugging.md","072a3d30ba6d22d5e628fc26a08f6e03f8b696e49d5a4445f37749ce5cd4a8a9"
"md","workflow","bmm","bmad/bmm/workflows/1-analysis/product-brief/workflow.md","e1b58478ead50c59fe65a4211cba596935dd162c0b5d7fbf1dbb5623698fdc13"
"md","workflow","bmm","bmad/bmm/workflows/1-analysis/research/workflow.md","b4649c09b56fd810f2ef7b53914c039c66b3e6bab94745bcb04f773e80e44ff9"
"md","workflow","bmm","bmad/bmm/workflows/2-plan-workflows/create-ux-design/workflow.md","c220fbffb91c4a168f04763328e5b92ca612d186825cc814970eae0530cb443c"
"md","workflow","bmm","bmad/bmm/workflows/2-plan-workflows/prd/workflow.md","75d698aae83d9331daf309cdac0b9c5ce3deee406052772f14af4aa7b6f37d75"
"md","workflow","bmm","bmad/bmm/workflows/3-solutioning/architecture/workflow.md","4fe2ce16514405608e83841d228836108258ea10bb4e2c4e1111413cba34d373"
"md","workflow","bmm","bmad/bmm/workflows/generate-project-context/workflow.md","a012669b508658d59049cc5dcc79d845f4caa80c7f737d13e7e1ace7f7b6f925"
"md","workflow-architecture-reference","bmm","bmad/bmm/docs/workflow-architecture-reference.md","36efd4e3d74d1739455e896e62b7711bf4179c572f1eef7a7fae7f2385adcc6d"
"md","workflow-document-project-reference","bmm","bmad/bmm/docs/workflow-document-project-reference.md","6950fac4cf9ff395ce087f63e8b0ddfce9ade8eb48e708e0f1b3cedc82158159"
"md","workflows-analysis","bmm","bmad/bmm/docs/workflows-analysis.md","351e7375bd1ac13ae6a4125091f13b3c10dfdada984252fc773f4128f2db110d"
"md","workflows-implementation","bmm","bmad/bmm/docs/workflows-implementation.md","b909f2183477a23045e87cbac0a8aefa32e8912622aefc958691216b623d0621"
"md","workflows-planning","bmm","bmad/bmm/docs/workflows-planning.md","be3e0347cb26380b4f978c7311efc033b01bd416c8cfbac4e3dec940ca99b2b4"
"md","workflows-solutioning","bmm","bmad/bmm/docs/workflows-solutioning.md","530e916e8448b21a1cfc710fe90f5a651f14936b520f74502de52a08a02a70cc"
"svg","workflow-method-greenfield","bmm","bmad/bmm/docs/images/workflow-method-greenfield.svg","15df53321a18cacdee0577d70ee8433787eb32f09d8604331888bf2ea138f4e7"
"xml","instructions","bmm","bmad/bmm/workflows/4-implementation/code-review/instructions.xml","be2af655c082e86ee95c7fda4ec8540155718e82057909cefddc8f387ad94f17"
"xml","instructions","bmm","bmad/bmm/workflows/4-implementation/create-story/instructions.xml","7a3423220d4828860eacce3bd78793fde30f7c42740d79a1698678df1f40695e"
"xml","instructions","bmm","bmad/bmm/workflows/4-implementation/dev-story/instructions.xml","d6df4313bda13e70744baa4149609a0616c826ce660aa5c323597a763426d8d5"
"yaml","analyst.agent","bmm","bmad/bmm/agents/analyst.agent.yaml",""
"yaml","architect.agent","bmm","bmad/bmm/agents/architect.agent.yaml",""
"yaml","config","bmm","bmad/bmm/config.yaml","7865120912cccc845635c7a2f322a0beae849ade08a16a3ba589520a05c33d02"
"yaml","deep-dive","bmm","bmad/bmm/workflows/document-project/workflows/deep-dive.yaml","5bba01ced6a5a703afa9db633cb8009d89fe37ceaa19b012cb4146ff5df5d361"
"yaml","dev.agent","bmm","bmad/bmm/agents/dev.agent.yaml",""
"yaml","enterprise-brownfield","bmm","bmad/bmm/workflows/workflow-status/paths/enterprise-brownfield.yaml","d4f52647ed894797c8b72d4a8a68e834f9973251f233eb0476c614bc81cfd194"
"yaml","enterprise-greenfield","bmm","bmad/bmm/workflows/workflow-status/paths/enterprise-greenfield.yaml","af047f81186fc3e5e8095e8067f3ac517e5ee6ebdd352ad1a950bce670280b51"
"yaml","excalidraw-templates","bmm","bmad/bmm/workflows/diagrams/_shared/excalidraw-templates.yaml","ca6e4ae85b5ab16df184ce1ddfdf83b20f9540db112ebf195cb793017f014a70"
"yaml","full-scan","bmm","bmad/bmm/workflows/document-project/workflows/full-scan.yaml","0a9c4d6caa66ab51c3a9122956821bcd8b5c17207e845bfa1c4dccaef81afbb9"
"yaml","github-actions-template","bmm","bmad/bmm/workflows/testarch/ci/github-actions-template.yaml","28c0de7c96481c5a7719596c85dd0ce8b5dc450d360aeaa7ebf6294dcf4bea4c"
"yaml","gitlab-ci-template","bmm","bmad/bmm/workflows/testarch/ci/gitlab-ci-template.yaml","bc83b9240ad255c6c2a99bf863b9e519f736c99aeb4b1e341b07620d54581fdc"
"yaml","method-brownfield","bmm","bmad/bmm/workflows/workflow-status/paths/method-brownfield.yaml","8580597b6207ddb45420c5b863b80b3077b5b40cb376e3cd43d84d116c651207"
"yaml","method-greenfield","bmm","bmad/bmm/workflows/workflow-status/paths/method-greenfield.yaml","dfa7c1d6f68929bcb1c764c4f18a8425d514aae1677eb6c44cccc76ab08db41c"
"yaml","pm.agent","bmm","bmad/bmm/agents/pm.agent.yaml",""
"yaml","project-levels","bmm","bmad/bmm/workflows/workflow-status/project-levels.yaml","09d810864558bfbc5a83ed8989847a165bd59119dfe420194771643daff6c813"
"yaml","quick-flow-solo-dev.agent","bmm","bmad/bmm/agents/quick-flow-solo-dev.agent.yaml",""
"yaml","sm.agent","bmm","bmad/bmm/agents/sm.agent.yaml",""
"yaml","sprint-status-template","bmm","bmad/bmm/workflows/4-implementation/sprint-planning/sprint-status-template.yaml","0eab069e4b598e8ed29229c06f4779bf196d395af49c2a2e48b9e5cbc70d58c3"
"yaml","tea.agent","bmm","bmad/bmm/agents/tea.agent.yaml",""
"yaml","team-fullstack","bmm","bmad/bmm/teams/team-fullstack.yaml","da8346b10dfad8e1164a11abeb3b0a84a1d8b5f04e01e8490a44ffca477a1b96"
"yaml","tech-writer.agent","bmm","bmad/bmm/agents/tech-writer.agent.yaml",""
"yaml","ux-designer.agent","bmm","bmad/bmm/agents/ux-designer.agent.yaml",""
"yaml","workflow","bmm","bmad/bmm/workflows/3-solutioning/create-epics-and-stories/workflow.yaml","b83c904eda9639fa5261557beb58efdc98457e84583cf85bfd874d906ce0b755"
"yaml","workflow","bmm","bmad/bmm/workflows/3-solutioning/implementation-readiness/workflow.yaml","a94c894e11070c2f449f3c344e3686e50db24c0dfb6ad8670b31d1a4535d7b2b"
"yaml","workflow","bmm","bmad/bmm/workflows/4-implementation/code-review/workflow.yaml","73804b5e2685d5175aec51633530801e05b5e16168f664408c7f029c3a40ce16"
"yaml","workflow","bmm","bmad/bmm/workflows/4-implementation/correct-course/workflow.yaml","41a9fabbcbe2e2bbdfcb16e80c71e50900ef060e8089cc35c511c67003f9a6e0"
"yaml","workflow","bmm","bmad/bmm/workflows/4-implementation/create-story/workflow.yaml","62730337b8d59e449f39bb78f1817f91438fd50beae1701670775ee2e2877d07"
"yaml","workflow","bmm","bmad/bmm/workflows/4-implementation/dev-story/workflow.yaml","68391832fd5c3869b91eac4ed2b23788beae34b504800021ddfd69a69e34d9fc"
"yaml","workflow","bmm","bmad/bmm/workflows/4-implementation/retrospective/workflow.yaml","99bf1de4a8624f7dd360382de808c5c19bd81780c4650335807cf0455b15883c"
"yaml","workflow","bmm","bmad/bmm/workflows/4-implementation/sprint-planning/workflow.yaml","adfc1e77678d3abe51331b66b7f66470074490c75610e845329d463913c12e09"
"yaml","workflow","bmm","bmad/bmm/workflows/bmad-quick-flow/create-tech-spec/workflow.yaml","1cec787aec5859c78a5bbf866494efb69f70569fe2602228d7b42a1711d12fcf"
"yaml","workflow","bmm","bmad/bmm/workflows/bmad-quick-flow/quick-dev/workflow.yaml","4cd00c4de87e92ead322fd5b00462a82838cb8a0983175b8a79b57efd1198887"
"yaml","workflow","bmm","bmad/bmm/workflows/diagrams/create-dataflow/workflow.yaml","1508f8163e94d0a358519372bc27720e0ca41afa7de123f624b6deb8a0a450b4"
"yaml","workflow","bmm","bmad/bmm/workflows/diagrams/create-diagram/workflow.yaml","b9b94b23070146ee8761332aeefa4dbba5b2d09e094f3e18add8123f578516c1"
"yaml","workflow","bmm","bmad/bmm/workflows/diagrams/create-flowchart/workflow.yaml","48139c4c3910038595cb3a64e05e4bf036a18e46b4eac0f9a3ebebe32153dc19"
"yaml","workflow","bmm","bmad/bmm/workflows/diagrams/create-wireframe/workflow.yaml","209f4f3d267f99f6db415b9ea8eb8f7c1e48ca0e7033123b22a90cca80237568"
"yaml","workflow","bmm","bmad/bmm/workflows/document-project/workflow.yaml","f929d6b0dad763572307b753639b6964b48413096952dba86e9104beefad7095"
"yaml","workflow","bmm","bmad/bmm/workflows/testarch/atdd/workflow.yaml","31ff0577f76cfd8e7977594c5d847540dc3179ee8b1c61efd45ba8251e2bfed0"
"yaml","workflow","bmm","bmad/bmm/workflows/testarch/automate/workflow.yaml","6d7d07a3ecdf94b898303fa2c0f4adbd4f6a7b66c83328738d4c9bfd1af8eccb"
"yaml","workflow","bmm","bmad/bmm/workflows/testarch/ci/workflow.yaml","1fd7624ffdc56247735442187ef56f099e2dedebe1e2817f3811fa7037a56772"
"yaml","workflow","bmm","bmad/bmm/workflows/testarch/framework/workflow.yaml","383ef38df7431b70815258a087732a50fa3b588490314cbf3c8c11066a298885"
"yaml","workflow","bmm","bmad/bmm/workflows/testarch/nfr-assess/workflow.yaml","bc2c8da54d885f679987d199cdbc4341e599056246cc8aa54696a8ea2fec58ca"
"yaml","workflow","bmm","bmad/bmm/workflows/testarch/test-design/workflow.yaml","76f3da922c0cfc3ef53ec4ba5dbb9db9567451057e4f6afebcf5e7e975196410"
"yaml","workflow","bmm","bmad/bmm/workflows/testarch/test-review/workflow.yaml","c51784f783cd99f197cf1c7cee3e8b63de43d673064690731de93c5c5a939777"
"yaml","workflow","bmm","bmad/bmm/workflows/testarch/trace/workflow.yaml","825770b7d75e4a9818160d85f944d083059dd4516499d61b75e2b7d35a68c425"
"yaml","workflow","bmm","bmad/bmm/workflows/workflow-status/init/workflow.yaml","245df982c5c57670a3a3e9d52754e2b87de996031e31b759e91df8f5b9b23e9f"
"yaml","workflow","bmm","bmad/bmm/workflows/workflow-status/workflow.yaml","d50d6e5593b871a197a67af991efec5204f354fd6b2ffe93790c9107bdb334c9"
"yaml","workflow-status-template","bmm","bmad/bmm/workflows/workflow-status/workflow-status-template.yaml","0ec9c95f1690b7b7786ffb4ab10663c93b775647ad58e283805092e1e830a0d9"
"csv","advanced-elicitation-methods","core","bmad/core/tasks/advanced-elicitation-methods.csv","e08b2e22fec700274982e37be608d6c3d1d4d0c04fa0bae05aa9dba2454e6141"
"csv","brain-methods","core","bmad/core/workflows/brainstorming/brain-methods.csv","0ab5878b1dbc9e3fa98cb72abfc3920a586b9e2b42609211bb0516eefd542039"
"md","bmad-master","core","bmad/core/agents/bmad-master.md","d7bde11045ef5463693e62a7fa766a4dd2d099ea4cb74dc77c7262321bd4fe4c"
"md","excalidraw-helpers","core","bmad/core/resources/excalidraw/excalidraw-helpers.md","37f18fa0bd15f85a33e7526a2cbfe1d5a9404f8bcb8febc79b782361ef790de4"
"md","library-loader","core","bmad/core/resources/excalidraw/library-loader.md","7c9637a8467718035257bcc7a8733c31d59dc7396b48b60200913731a17cb666"
"md","README","core","bmad/core/resources/excalidraw/README.md","27f1515ff7f3729185119653c7cf5e02bcc75ac72530937d698b364b38dd961e"
"md","step-01-agent-loading","core","bmad/core/workflows/party-mode/steps/step-01-agent-loading.md","ad1586f6f2e1d57fb0a298c194dd65d9023dccf06eb1eebbee862d04b3d005c2"
"md","step-01-session-setup","core","bmad/core/workflows/brainstorming/steps/step-01-session-setup.md","62f485402f8b9ded853215ebcd11b9a34b67b5947a3faa769b606cc37f977e1e"
"md","step-01b-continue","core","bmad/core/workflows/brainstorming/steps/step-01b-continue.md","9d531b012f85a2a7c3ddd94a2adeb8189eab24c370d099dbabb1bd6e33b3a9cb"
"md","step-02-discussion-orchestration","core","bmad/core/workflows/party-mode/steps/step-02-discussion-orchestration.md","1f0a6ca96139f522cc26ce6fdf78b4f94297201a53f06c30fb30e65717957cfb"
"md","step-02a-user-selected","core","bmad/core/workflows/brainstorming/steps/step-02a-user-selected.md","24158414bfe6daa46c94e6e43a9ec3a8d9a6dfe1b2a5bd8b719d06c775dcc73d"
"md","step-02b-ai-recommended","core","bmad/core/workflows/brainstorming/steps/step-02b-ai-recommended.md","68774e344cdcffbbd8fd9c5bec5bbe4cfd5297eb9734fc542606831becc38441"
"md","step-02c-random-selection","core","bmad/core/workflows/brainstorming/steps/step-02c-random-selection.md","24b54de6ed3a3b0b87a23a28a69a5fa73e8bf9fb80353fb12db8258c1e29ac95"
"md","step-02d-progressive-flow","core","bmad/core/workflows/brainstorming/steps/step-02d-progressive-flow.md","34b53545f18cd26db8bff81072e1c6b38efe031969e72d79c7efa2814f3b9073"
"md","step-03-graceful-exit","core","bmad/core/workflows/party-mode/steps/step-03-graceful-exit.md","cea36ccba0c4a9167508b01a3a27e464b81029e17a14eea95100cbc7e5eddb8a"
"md","step-03-technique-execution","core","bmad/core/workflows/brainstorming/steps/step-03-technique-execution.md","a0f7ef0d58ccf21c1e10b9ab221f8dbcc8ddc0c09b322da3863996e8731b6409"
"md","step-04-idea-organization","core","bmad/core/workflows/brainstorming/steps/step-04-idea-organization.md","2a7f516d0e598ec3462795b1e5fe2bf2f3745276ca6ae609eed5562bacf46b0d"
"md","template","core","bmad/core/workflows/brainstorming/template.md","5c99d76963eb5fc21db96c5a68f39711dca7c6ed30e4f7d22aedee9e8bb964f9"
"md","validate-json-instructions","core","bmad/core/resources/excalidraw/validate-json-instructions.md","0970bac93d52b4ee591a11998a02d5682e914649a40725d623489c77f7a1e449"
"md","workflow","core","bmad/core/workflows/brainstorming/workflow.md","c0c44de30b9fbe629084dd6aedb606c1b086c34314f4910164eaedf99a066d0f"
"md","workflow","core","bmad/core/workflows/party-mode/workflow.md","fd86b20870e5787d73008c27ac990e0e5980ba76d21b1143ba71702675a74b27"
"xml","advanced-elicitation","core","bmad/core/tasks/advanced-elicitation.xml","3226423d2af0ee054ceb44b0f61be901dae5c0df91b0d30639fe683b12e052da"
"xml","bmad-web-orchestrator.agent","core","bmad/core/agents/bmad-web-orchestrator.agent.xml","ac556cdfe0b1bcf3eeffe9672b80e17d0df22e3e172de78e4b4899fbfd7760aa"
"xml","index-docs","core","bmad/core/tasks/index-docs.xml","c6a9d79628fd1246ef29e296438b238d21c68f50eadb16219ac9d6200cf03628"
"xml","shard-doc","core","bmad/core/tools/shard-doc.xml","a0ddae908e440be3f3f40a96f7b288bcbf9fa3f8dc45d22814a957e807d2bedc"
"xml","validate-workflow","core","bmad/core/tasks/validate-workflow.xml","63580411c759ee317e58da8bda6ceba27dbf9d3742f39c5c705afcd27361a9ee"
"xml","workflow","core","bmad/core/tasks/workflow.xml","7035538997058b22e30785bf81db2fc3519dce8c9e20f27def0d8f6d4e82673e"
"yaml","bmad-master.agent","core","bmad/core/agents/bmad-master.agent.yaml",""
"yaml","config","core","bmad/core/config.yaml","b56479551e6e00b59abd813b928344251df39cf8ae6e0ca58961282b7b9aa388"
